지역,시군구명,행정동명,대분류명,점포수,좌표점포수,평균경도,평균위도
경북,경산시,남부동,과학·기술,45,45,128.73735093692954,35.81228345142245
경북,경산시,남부동,교육,46,46,128.73887384134028,35.806780306599386
경북,경산시,남부동,보건의료,5,5,128.73936686711482,35.80580762661826
경북,경산시,남부동,부동산,24,24,128.73894672359413,35.80618014318957
경북,경산시,남부동,소매,177,177,128.73818102458154,35.81091375016379
경북,경산시,남부동,수리·개인,99,99,128.7388335674073,35.80845718018224
경북,경산시,남부동,숙박,7,7,128.73555218077814,35.81808982415264
경북,경산시,남부동,시설관리·임대,17,17,128.73729445499066,35.812271127381194
경북,경산시,남부동,예술·스포츠,30,30,128.73896574692506,35.80679234560613
경북,경산시,남부동,음식,227,227,128.73802299785086,35.80850931670982
경북,경산시,남산면,과학·기술,10,10,128.81654297678512,35.79160668803756
경북,경산시,남산면,교육,7,7,128.82438581394058,35.791993292884946
경북,경산시,남산면,보건의료,1,1,128.800201479542,35.7995952016803
경북,경산시,남산면,부동산,5,5,128.8125884102652,35.7945416199374
경북,경산시,남산면,소매,37,37,128.82546929280457,35.78569101021397
경북,경산시,남산면,수리·개인,10,10,128.8224337035015,35.78579476314188
경북,경산시,남산면,숙박,5,5,128.8195171357098,35.7733809652514
경북,경산시,남산면,시설관리·임대,10,10,128.81530298171327,35.78698915015017
경북,경산시,남산면,예술·스포츠,1,1,128.853768779558,35.7509226251176
경북,경산시,남산면,음식,51,51,128.8185864947052,35.7884070931178
경북,경산시,남천면,과학·기술,10,10,128.7302885452012,35.76609775730894
경북,경산시,남천면,교육,4,4,128.732749183664,35.76474822284675
경북,경산시,남천면,부동산,2,2,128.730873857306,35.78758316435045
경북,경산시,남천면,소매,43,43,128.7325068374015,35.76775055862469
경북,경산시,남천면,수리·개인,19,19,128.729005566435,35.76584858321839
경북,경산시,남천면,숙박,6,6,128.7300985495875,35.77968810962273
경북,경산시,남천면,시설관리·임대,6,6,128.72810022646982,35.763243721439004
경북,경산시,남천면,예술·스포츠,5,5,128.7566029784188,35.7566316376499
경북,경산시,남천면,음식,34,34,128.7309662670794,35.770923456909365
경북,경산시,동부동,과학·기술,150,150,128.75890647207223,35.814787047757896
경북,경산시,동부동,교육,120,120,128.75834351921156,35.811861047935196
경북,경산시,동부동,보건의료,11,11,128.75656457002137,35.81375525833941
경북,경산시,동부동,부동산,52,52,128.75891661909628,35.81468044687579
경북,경산시,동부동,소매,327,327,128.75952256111663,35.813342367098926
경북,경산시,동부동,수리·개인,225,225,128.75668680533767,35.81500724656095
경북,경산시,동부동,숙박,3,3,128.769794286973,35.79930762221783
경북,경산시,동부동,시설관리·임대,52,52,128.76031264395203,35.81351335516463
경북,경산시,동부동,예술·스포츠,78,78,128.75812024443275,35.813972059812286
경북,경산시,동부동,음식,525,525,128.7575165757251,35.81488681428608
경북,경산시,북부동,과학·기술,100,100,128.74819596266084,35.837248029516765
경북,경산시,북부동,교육,44,44,128.7479362268722,35.835766369999355
경북,경산시,북부동,보건의료,7,7,128.74927823730042,35.83303816576731
경북,경산시,북부동,부동산,76,76,128.74812638229898,35.83702330598705
경북,경산시,북부동,소매,279,279,128.74866681685845,35.8378193366412
경북,경산시,북부동,수리·개인,177,177,128.74724881459713,35.83795232530259
경북,경산시,북부동,숙박,6,6,128.7440406603375,35.8356420753256
경북,경산시,북부동,시설관리·임대,58,58,128.74933356645073,35.83789618914273
경북,경산시,북부동,예술·스포츠,72,72,128.74853811890986,35.83830342637617
경북,경산시,북부동,음식,551,551,128.7509849282695,35.83757859001762
경북,경산시,서부1동,과학·기술,117,117,128.72597422506266,35.82134914434291
경북,경산시,서부1동,교육,113,113,128.72868622577903,35.818241287836734
경북,경산시,서부1동,보건의료,6,6,128.728451724672,35.82093586494703
경북,경산시,서부1동,부동산,47,47,128.7251375939664,35.821191119033834
경북,경산시,서부1동,소매,337,337,128.7262002767925,35.821267897395245
경북,경산시,서부1동,수리·개인,245,245,128.72579554920944,35.821201812714484
경북,경산시,서부1동,숙박,17,17,128.72572419848584,35.82699058258179
경북,경산시,서부1동,시설관리·임대,63,63,128.7261423203177,35.8221207659237
경북,경산시,서부1동,예술·스포츠,50,50,128.7245753239837,35.82255863013527
경북,경산시,서부1동,음식,607,607,128.72606587916297,35.82298391503786
경북,경산시,서부2동,과학·기술,67,67,128.72492683635787,35.830890770267885
경북,경산시,서부2동,교육,147,147,128.7219590617514,35.82983705437637
경북,경산시,서부2동,보건의료,31,31,128.72504092368266,35.83222502045801
경북,경산시,서부2동,부동산,84,84,128.72420045817483,35.83185926550929
경북,경산시,서부2동,소매,226,226,128.72491151382877,35.83200358862209
경북,경산시,서부2동,수리·개인,189,189,128.725733711311,35.83211012863277
경북,경산시,서부2동,숙박,1,1,128.725564464772,35.8279401256692
경북,경산시,서부2동,시설관리·임대,28,28,128.72666270404287,35.831476659072045
경북,경산시,서부2동,예술·스포츠,76,76,128.72436386627803,35.830970603048094
경북,경산시,서부2동,음식,320,320,128.72519230534698,35.83159653417772
경북,경산시,압량읍,과학·기술,69,69,128.7677095535493,35.84288813805933
경북,경산시,압량읍,교육,66,66,128.76582085465287,35.841121908800694
경북,경산시,압량읍,보건의료,7,7,128.76402528801287,35.84169018200656
경북,경산시,압량읍,부동산,41,41,128.76460058013197,35.8428567695108
경북,경산시,압량읍,소매,221,221,128.7690718305184,35.842579509910024
경북,경산시,압량읍,수리·개인,150,150,128.76581080151936,35.8422763616012
경북,경산시,압량읍,숙박,7,7,128.7630693947177,35.83912150046769
경북,경산시,압량읍,시설관리·임대,54,54,128.77083028887802,35.8433748094287
경북,경산시,압량읍,예술·스포츠,42,42,128.76555345230352,35.84256621237834
경북,경산시,압량읍,음식,245,245,128.7643305169021,35.84269071596788
경북,경산시,와촌면,과학·기술,19,19,128.8291291749193,35.94608493522862
경북,경산시,와촌면,교육,5,5,128.8012849151666,35.941110223450536
경북,경산시,와촌면,보건의료,1,1,128.843298779781,35.9230244355235
경북,경산시,와촌면,부동산,14,14,128.83428636323157,35.94895784880798
경북,경산시,와촌면,소매,114,114,128.81911986437152,35.946525241346016
경북,경산시,와촌면,수리·개인,20,20,128.8313759032901,35.941669146723186
경북,경산시,와촌면,숙박,20,20,128.79097925048384,35.95840644841731
경북,경산시,와촌면,시설관리·임대,11,11,128.83776918833635,35.942727399659184
경북,경산시,와촌면,예술·스포츠,7,7,128.83394104893884,35.9292486715381
경북,경산시,와촌면,음식,131,131,128.8088410713833,35.95349224990323
경북,경산시,용성면,과학·기술,7,7,128.88754089502586,35.78952088798114
경북,경산시,용성면,교육,3,3,128.87742582559432,35.795443029052635
경북,경산시,용성면,부동산,4,4,128.87428733992226,35.79397741195592
경북,경산시,용성면,소매,20,20,128.87681608459417,35.79176123494911
경북,경산시,용성면,수리·개인,5,5,128.8743690476276,35.79441724993248
경북,경산시,용성면,숙박,2,2,128.8917472739405,35.798098611475396
경북,경산시,용성면,시설관리·임대,1,1,128.889051621783,35.8012773351274
경북,경산시,용성면,예술·스포츠,1,1,128.872811760183,35.818156955585
경북,경산시,용성면,음식,15,15,128.88094133807735,35.78898638982197
경북,경산시,자인면,과학·기술,20,20,128.82045812749365,35.82478728063132
경북,경산시,자인면,교육,7,7,128.8186231155593,35.824206556284715
경북,경산시,자인면,보건의료,2,2,128.823679654739,35.81776372888745
경북,경산시,자인면,부동산,9,9,128.82259481122722,35.81746828143623
경북,경산시,자인면,소매,114,114,128.8219051022842,35.82146672562472
경북,경산시,자인면,수리·개인,43,43,128.82247034709172,35.81928991748976
경북,경산시,자인면,숙박,4,4,128.81740304365724,35.81844450093023
경북,경산시,자인면,시설관리·임대,17,17,128.81722299017918,35.82462038097854
경북,경산시,자인면,예술·스포츠,9,9,128.82312573512965,35.81756833236952
경북,경산시,자인면,음식,156,156,128.82337572024127,35.81874430955205
경북,경산시,중방동,과학·기술,52,52,128.73519601913054,35.82744770177181
경북,경산시,중방동,교육,22,22,128.73511389271405,35.826434911324846
경북,경산시,중방동,보건의료,9,9,128.73529851507666,35.82597163639332
경북,경산시,중방동,부동산,27,27,128.7367058660491,35.82890564884662
경북,경산시,중방동,소매,271,271,128.7343863477674,35.825997163571316
경북,경산시,중방동,수리·개인,106,106,128.7356216873189,35.82723008617831
경북,경산시,중방동,숙박,17,17,128.7351496156873,35.82384082928675
경북,경산시,중방동,시설관리·임대,20,20,128.73558458756742,35.82882218174201
경북,경산시,중방동,예술·스포츠,30,30,128.7353722077524,35.828503844183466
경북,경산시,중방동,음식,225,225,128.735009586478,35.82656481937948
경북,경산시,중앙동,과학·기술,72,72,128.73901199321273,35.823181903419744
경북,경산시,중앙동,교육,14,14,128.73826092255564,35.8238719671332
경북,경산시,중앙동,보건의료,16,16,128.7366022714805,35.823756435400036
경북,경산시,중앙동,부동산,11,11,128.7388196535282,35.822681407910004
경북,경산시,중앙동,소매,290,290,128.7371900339122,35.82241647695053
경북,경산시,중앙동,수리·개인,88,88,128.73798262572296,35.82193626124121
경북,경산시,중앙동,숙박,22,22,128.73811177123227,35.8214452242904
경북,경산시,중앙동,시설관리·임대,29,29,128.73847723096384,35.82254825864579
경북,경산시,중앙동,예술·스포츠,24,24,128.73771656292521,35.8228880029124
경북,경산시,중앙동,음식,288,288,128.7374876543999,35.822634210758295
경북,경산시,진량읍,과학·기술,82,82,128.82716441030865,35.88131550439861
경북,경산시,진량읍,교육,40,40,128.8251484023271,35.882839014014294
경북,경산시,진량읍,보건의료,8,8,128.8188476940205,35.876337165803825
경북,경산시,진량읍,부동산,73,73,128.8267953212317,35.88107812751537
경북,경산시,진량읍,소매,393,393,128.8210920261594,35.878339599768914
경북,경산시,진량읍,수리·개인,216,216,128.81837794936243,35.87748684753155
경북,경산시,진량읍,숙박,5,5,128.81545768173402,35.8752719870777
경북,경산시,진량읍,시설관리·임대,76,76,128.82410487007706,35.8771430228828
경북,경산시,진량읍,예술·스포츠,77,77,128.82806934347624,35.88435425207918
경북,경산시,진량읍,음식,573,573,128.82484312590975,35.88138720796446
경북,경산시,하양읍,과학·기술,75,75,128.81496600396756,35.912677870910976
경북,경산시,하양읍,교육,96,96,128.81416812254133,35.913038020276964
경북,경산시,하양읍,보건의료,20,20,128.81719726094576,35.914541101793574
경북,경산시,하양읍,부동산,61,61,128.8163121555894,35.91385638539346
경북,경산시,하양읍,소매,429,429,128.81505076128892,35.9121899499866
경북,경산시,하양읍,수리·개인,236,236,128.8171940122702,35.91294662773974
경북,경산시,하양읍,숙박,13,13,128.80958308262467,35.915739262978576
경북,경산시,하양읍,시설관리·임대,49,49,128.81241383221828,35.91085495600157
경북,경산시,하양읍,예술·스포츠,88,88,128.81555636457105,35.91155848707515
경북,경산시,하양읍,음식,664,664,128.81576192278345,35.912364198988854
경북,경주시,감포읍,과학·기술,4,4,129.497093330086,35.783626634933775
경북,경주시,감포읍,교육,4,4,129.48295721207523,35.79351788129785
경북,경주시,감포읍,보건의료,2,2,129.5021854853195,35.804910360575306
경북,경주시,감포읍,부동산,10,10,129.49820495092402,35.802246839810195
경북,경주시,감포읍,소매,147,147,129.50036891009898,35.80190002819432
경북,경주시,감포읍,수리·개인,30,30,129.50145378924907,35.804734480984656
경북,경주시,감포읍,숙박,192,192,129.49740567066655,35.80103347660533
경북,경주시,감포읍,시설관리·임대,13,13,129.49906034390762,35.79723789750378
경북,경주시,감포읍,예술·스포츠,16,16,129.50011965039263,35.80560018649024
경북,경주시,감포읍,음식,254,254,129.49926307847906,35.79542285557743
경북,경주시,강동면,과학·기술,13,13,129.27897733332287,36.00734774844298
경북,경주시,강동면,교육,5,5,129.2761199730864,36.0008601534972
경북,경주시,강동면,부동산,3,3,129.27786659636567,35.993960647392065
경북,경주시,강동면,소매,88,88,129.26953125098473,35.98698233091485
경북,경주시,강동면,수리·개인,18,18,129.270056568368,36.00080160657276
경북,경주시,강동면,숙박,32,32,129.2731167793992,35.99435467937282
경북,경주시,강동면,시설관리·임대,10,10,129.2751842293835,35.97893664251185
경북,경주시,강동면,예술·스포츠,8,8,129.27359869251623,36.002645433839135
경북,경주시,강동면,음식,116,116,129.2740934987867,35.99264633804919
경북,경주시,건천읍,과학·기술,16,16,129.10573822177918,35.84404792221472
경북,경주시,건천읍,교육,6,6,129.091596223805,35.85326446945538
경북,경주시,건천읍,보건의료,2,2,129.070501337449,35.81223246864735
경북,경주시,건천읍,부동산,10,10,129.1104243349044,35.839768226511424
경북,경주시,건천읍,소매,137,137,129.10387648238327,35.84532951226245
경북,경주시,건천읍,수리·개인,94,94,129.09620564746942,35.84670838063081
경북,경주시,건천읍,숙박,20,20,129.0995373622339,35.82372650001987
경북,경주시,건천읍,시설관리·임대,22,22,129.10453996423612,35.8431419731956
경북,경주시,건천읍,예술·스포츠,8,8,129.10374614549426,35.85077371879723
경북,경주시,건천읍,음식,233,233,129.1085023884032,35.840159236571296
경북,경주시,내남면,과학·기술,6,6,129.20573130884682,35.74183353906147
경북,경주시,내남면,교육,7,7,129.169696210088,35.743792189121216
경북,경주시,내남면,보건의료,1,1,129.135816420617,35.7319529877568
경북,경주시,내남면,부동산,4,4,129.19848837691475,35.7508767935581
경북,경주시,내남면,소매,39,39,129.19414802538182,35.74827847569496
경북,경주시,내남면,수리·개인,10,10,129.20892973578592,35.750462695610295
경북,경주시,내남면,숙박,42,42,129.1790707944378,35.76751077303066
경북,경주시,내남면,시설관리·임대,1,1,129.196519684376,35.7275077172078
경북,경주시,내남면,예술·스포츠,5,5,129.17880682305082,35.76532344566234
경북,경주시,내남면,음식,82,82,129.1975582271465,35.75278852263039
경북,경주시,동천동,과학·기술,199,199,129.22629235449403,35.85349894247438
경북,경주시,동천동,교육,40,40,129.22587346419814,35.85298413037888
경북,경주시,동천동,보건의료,3,3,129.23030976102933,35.8482330254181
경북,경주시,동천동,부동산,37,37,129.22497134036024,35.852999784686695
경북,경주시,동천동,소매,275,275,129.22725776609138,35.85130217324639
경북,경주시,동천동,수리·개인,230,230,129.2272013607175,35.851368567258255
경북,경주시,동천동,숙박,25,25,129.2278280390956,35.8527619605022
경북,경주시,동천동,시설관리·임대,73,73,129.22802327679767,35.85017837227542
경북,경주시,동천동,예술·스포츠,84,84,129.22556156686193,35.85331186920433
경북,경주시,동천동,음식,643,643,129.2262346326778,35.85305757807243
경북,경주시,문무대왕면,과학·기술,1,1,129.441617780525,35.7920692611234
경북,경주시,문무대왕면,교육,2,2,129.40490993365148,35.79153567549885
경북,경주시,문무대왕면,보건의료,2,2,129.4410052268925,35.79210873550964
경북,경주시,문무대왕면,부동산,3,3,129.440655021288,35.7925303079928
경북,경주시,문무대왕면,소매,42,42,129.43890196552553,35.78458555507736
경북,경주시,문무대왕면,수리·개인,9,9,129.43924445633968,35.79374709093865
경북,경주시,문무대왕면,숙박,39,39,129.41909974191933,35.778463851047874
경북,경주시,문무대왕면,시설관리·임대,6,6,129.44054193599916,35.77943167118658
경북,경주시,문무대왕면,예술·스포츠,3,3,129.43595615881833,35.78384367594833
경북,경주시,문무대왕면,음식,86,86,129.44196455286206,35.78671970097845
경북,경주시,보덕동,과학·기술,10,10,129.2802834393539,35.849445423371414
경북,경주시,보덕동,교육,5,5,129.2862052820582,35.83569803611954
경북,경주시,보덕동,보건의료,1,1,129.290900093782,35.8395840148998
경북,경주시,보덕동,부동산,2,2,129.28928927174297,35.83376244952185
경북,경주시,보덕동,소매,86,86,129.28339371617454,35.843884958397055
경북,경주시,보덕동,수리·개인,11,11,129.27575462419762,35.848848049169284
경북,경주시,보덕동,숙박,230,230,129.27340819328,35.85346463248503
경북,경주시,보덕동,시설관리·임대,29,29,129.28764467316904,35.84166275584762
경북,경주시,보덕동,예술·스포츠,23,23,129.28495852231578,35.84263854326081
경북,경주시,보덕동,음식,210,210,129.2814089126874,35.84408712919913
경북,경주시,불국동,과학·기술,20,20,129.3063328555684,35.7823205567588
경북,경주시,불국동,교육,23,23,129.31560197474835,35.78177491890419
경북,경주시,불국동,보건의료,2,2,129.298907327698,35.7753676482154
경북,경주시,불국동,부동산,10,10,129.307030594027,35.77703431036109
경북,경주시,불국동,소매,156,156,129.3098908644343,35.78160646665876
경북,경주시,불국동,수리·개인,48,48,129.30651519357934,35.776911207895054
경북,경주시,불국동,숙박,326,326,129.30799743741966,35.78754004593795
경북,경주시,불국동,시설관리·임대,16,16,129.309104301139,35.78049299687903
경북,경주시,불국동,예술·스포츠,17,17,129.3052222227249,35.776286696325876
경북,경주시,불국동,음식,336,336,129.3120596375324,35.782088014115274
경북,경주시,산내면,과학·기술,2,2,129.0402565074805,35.7562247222056
경북,경주시,산내면,교육,2,2,129.06344547861352,35.698037748279646
경북,경주시,산내면,보건의료,4,4,129.06692339655874,35.74578329879303
경북,경주시,산내면,부동산,6,6,129.05500122384782,35.70446102154395
경북,경주시,산내면,소매,32,32,129.04447209775094,35.73481042636123
경북,경주시,산내면,수리·개인,4,4,129.032808447063,35.7588584418317
경북,경주시,산내면,숙박,72,72,129.0590957436486,35.712695001169685
경북,경주시,산내면,시설관리·임대,4,4,129.04767596942875,35.75007295505418
경북,경주시,산내면,예술·스포츠,7,7,129.05366726182757,35.7355612461888
경북,경주시,산내면,음식,73,73,129.05305495536098,35.71800464197648
경북,경주시,서면,과학·기술,3,3,129.05186043125732,35.90138356672853
경북,경주시,서면,교육,2,2,129.057635265079,35.9157645948582
경북,경주시,서면,부동산,4,4,129.051792140769,35.8923411760278
경북,경주시,서면,소매,42,42,129.05185920239364,35.89503045173233
경북,경주시,서면,수리·개인,19,19,129.05973735656596,35.89289910001013
경북,경주시,서면,숙박,4,4,129.06304883413725,35.89875396278777
경북,경주시,서면,시설관리·임대,8,8,129.0576856977021,35.8897527067471
경북,경주시,서면,예술·스포츠,4,4,129.0418653715175,35.875477575627876
경북,경주시,서면,음식,76,76,129.05050422799994,35.89421580129374
경북,경주시,선도동,과학·기술,36,36,129.17738452344122,35.84125997210554
경북,경주시,선도동,교육,45,45,129.1831592338035,35.842730944317445
경북,경주시,선도동,보건의료,2,2,129.1779097317415,35.84558716019015
경북,경주시,선도동,부동산,21,21,129.1752051710477,35.837189680093196
경북,경주시,선도동,소매,160,160,129.1797359675059,35.84012169831701
경북,경주시,선도동,수리·개인,98,98,129.17909174553571,35.841315575853315
경북,경주시,선도동,숙박,69,69,129.18524547121405,35.82806094600875
경북,경주시,선도동,시설관리·임대,40,40,129.17300125763435,35.83911077857924
경북,경주시,선도동,예술·스포츠,33,33,129.18046880195604,35.843959905969264
경북,경주시,선도동,음식,241,241,129.18181079776036,35.84135866210571
경북,경주시,성건동,과학·기술,79,79,129.20540512665,35.852223892664405
경북,경주시,성건동,교육,36,36,129.20455913765383,35.85158513167067
경북,경주시,성건동,보건의료,6,6,129.20433905884985,35.845588755192864
경북,경주시,성건동,부동산,21,21,129.20094769083363,35.853004171685754
경북,경주시,성건동,소매,433,433,129.20495537741408,35.8500080547702
경북,경주시,성건동,수리·개인,173,173,129.2057602371434,35.85127936133105
경북,경주시,성건동,숙박,29,29,129.2021198557523,35.84786975811205
경북,경주시,성건동,시설관리·임대,92,92,129.2049215096939,35.85310393863961
경북,경주시,성건동,예술·스포츠,52,52,129.20290950389654,35.854351775675525
경북,경주시,성건동,음식,585,585,129.20463005012996,35.85169864239554
경북,경주시,안강읍,과학·기술,40,40,129.20854832466506,35.98947381371172
경북,경주시,안강읍,교육,26,26,129.19705801199896,35.997955942865744
경북,경주시,안강읍,보건의료,6,6,129.220501462596,35.99224955273663
경북,경주시,안강읍,부동산,15,15,129.21773418584365,35.993653589791656
경북,경주시,안강읍,소매,367,367,129.2132705417339,35.991671711873025
경북,경주시,안강읍,수리·개인,173,173,129.21217054304122,35.99413593385718
경북,경주시,안강읍,숙박,39,39,129.20324679864092,35.986232757719286
경북,경주시,안강읍,시설관리·임대,35,35,129.21176694546253,35.990266335696035
경북,경주시,안강읍,예술·스포츠,54,54,129.2086954611435,35.99685615490914
경북,경주시,안강읍,음식,497,497,129.20927872760996,35.994052613061996
경북,경주시,양남면,과학·기술,11,11,129.45732548565329,35.69430807810352
경북,경주시,양남면,부동산,9,9,129.45669416331577,35.677043596909506
경북,경주시,양남면,소매,115,115,129.45894011968284,35.685219725977255
경북,경주시,양남면,수리·개인,22,22,129.4637598394996,35.69018489112283
경북,경주시,양남면,숙박,125,125,129.43742958027488,35.68088996050418
경북,경주시,양남면,시설관리·임대,19,19,129.45684368653863,35.69756535265024
경북,경주시,양남면,예술·스포츠,11,11,129.46033159824546,35.69217247320019
경북,경주시,양남면,음식,226,226,129.46090994676743,35.684318343230736
경북,경주시,외동읍,과학·기술,45,45,129.316568999313,35.708255469179285
경북,경주시,외동읍,교육,9,9,129.32548935199122,35.71772609109028
경북,경주시,외동읍,보건의료,1,1,129.324247627437,35.71450198831
경북,경주시,외동읍,부동산,32,32,129.32421468243325,35.696868503595084
경북,경주시,외동읍,소매,319,319,129.3211468403,35.705986975901006
경북,경주시,외동읍,수리·개인,122,122,129.3227943398654,35.70732560638012
경북,경주시,외동읍,숙박,122,122,129.3187725778809,35.75155258160733
경북,경주시,외동읍,시설관리·임대,106,106,129.31376999967958,35.69596529217723
경북,경주시,외동읍,예술·스포츠,33,33,129.32705805861895,35.701430717123515
경북,경주시,외동읍,음식,457,457,129.3209438371287,35.70504804401821
경북,경주시,용강동,과학·기술,66,66,129.2252837486246,35.86951962382265
경북,경주시,용강동,교육,96,96,129.22748529913395,35.88053885204127
경북,경주시,용강동,보건의료,9,9,129.2268562574698,35.87993856710942
경북,경주시,용강동,부동산,33,33,129.22545105530418,35.87227520572077
경북,경주시,용강동,소매,239,239,129.22595953338129,35.87319551350248
경북,경주시,용강동,수리·개인,160,160,129.22668362658376,35.87509805844493
경북,경주시,용강동,숙박,5,5,129.2273641778392,35.86987351210176
경북,경주시,용강동,시설관리·임대,45,45,129.22662170156985,35.87310861528773
경북,경주시,용강동,예술·스포츠,57,57,129.2268232813224,35.875694010520135
경북,경주시,용강동,음식,409,409,129.22724166881113,35.87705176224197
경북,경주시,월성동,과학·기술,17,17,129.2393756254819,35.834900657789035
경북,경주시,월성동,교육,6,6,129.2380021531155,35.82285601381803
경북,경주시,월성동,부동산,5,5,129.2586608447304,35.81196069259064
경북,경주시,월성동,소매,79,79,129.2366080902623,35.82621143120035
경북,경주시,월성동,수리·개인,19,19,129.23895575895148,35.82648083354534
경북,경주시,월성동,숙박,143,143,129.24456403561777,35.82068011828291
경북,경주시,월성동,시설관리·임대,19,19,129.236879941479,35.824707830149876
경북,경주시,월성동,예술·스포츠,3,3,129.25201416401467,35.82497157207177
경북,경주시,월성동,음식,147,147,129.23880616679307,35.8301593801664
경북,경주시,천북면,과학·기술,18,18,129.26756807960555,35.91301811727472
경북,경주시,천북면,교육,8,8,129.2656948528925,35.888103607732134
경북,경주시,천북면,부동산,7,7,129.25212588316828,35.900086217082844
경북,경주시,천북면,소매,209,209,129.25201763894057,35.91099604782694
경북,경주시,천북면,수리·개인,26,26,129.2579079505024,35.9079347655632
경북,경주시,천북면,숙박,207,207,129.27995040678306,35.88414476987891
경북,경주시,천북면,시설관리·임대,24,24,129.2624794040675,35.911334934351814
경북,경주시,천북면,예술·스포츠,11,11,129.27370237447428,35.90028031235574
경북,경주시,천북면,음식,113,113,129.27282304902974,35.90829723221727
경북,경주시,현곡면,과학·기술,17,17,129.19766526234346,35.87695251856028
경북,경주시,현곡면,교육,52,52,129.19504263411724,35.878173881605136
경북,경주시,현곡면,보건의료,2,2,129.170658335312,35.883409531226945
경북,경주시,현곡면,부동산,12,12,129.19373360263134,35.8737891047974
경북,경주시,현곡면,소매,90,90,129.1909157349757,35.880591345948254
경북,경주시,현곡면,수리·개인,60,60,129.19797317251098,35.87419119507601
경북,경주시,현곡면,숙박,29,29,129.16392359981626,35.89079948760389
경북,경주시,현곡면,시설관리·임대,25,25,129.18688254731813,35.883685267809
경북,경주시,현곡면,예술·스포츠,24,24,129.18965990108012,35.87939746807819
경북,경주시,현곡면,음식,149,149,129.19182300478124,35.87697298704452
경북,경주시,황남동,과학·기술,40,40,129.2074736058659,35.828440696866686
경북,경주시,황남동,교육,8,8,129.21018896697586,35.83178053795854
경북,경주시,황남동,부동산,9,9,129.2088618245271,35.83604979242156
경북,경주시,황남동,소매,189,189,129.20764142320024,35.830638620080556
경북,경주시,황남동,수리·개인,13,13,129.2034063128451,35.82757377140599
경북,경주시,황남동,숙박,234,234,129.20645790081045,35.82657727842564
경북,경주시,황남동,시설관리·임대,33,33,129.20796332162232,35.83113779098665
경북,경주시,황남동,예술·스포츠,11,11,129.21055597527183,35.83397368898152
경북,경주시,황남동,음식,472,472,129.2098844751733,35.83206468767629
경북,경주시,황성동,과학·기술,52,52,129.21701407895534,35.86765583565321
경북,경주시,황성동,교육,140,140,129.2162469661294,35.868142771008465
경북,경주시,황성동,보건의료,14,14,129.2167629072305,35.8683326203794
경북,경주시,황성동,부동산,38,38,129.21611705360124,35.869045426166856
경북,경주시,황성동,소매,269,269,129.21652426183832,35.86767980438715
경북,경주시,황성동,수리·개인,213,213,129.2162422923801,35.86887022993202
경북,경주시,황성동,숙박,4,4,129.2232348645125,35.87482696808982
경북,경주시,황성동,시설관리·임대,43,43,129.2164664191373,35.869115250520274
경북,경주시,황성동,예술·스포츠,80,80,129.21681500597685,35.86938497674609
경북,경주시,황성동,음식,463,463,129.21605142064683,35.868380717404555
경북,경주시,황오동,과학·기술,161,161,129.21328459054342,35.845578361263904
경북,경주시,황오동,교육,52,52,129.21325450596254,35.8444186591369
경북,경주시,황오동,보건의료,30,30,129.21444325236237,35.84526418284983
경북,경주시,황오동,부동산,35,35,129.21184506818065,35.843844532362944
경북,경주시,황오동,소매,762,762,129.21368290859297,35.84405837476801
경북,경주시,황오동,수리·개인,218,218,129.2139302080016,35.844255113994116
경북,경주시,황오동,숙박,214,214,129.2116840230783,35.843035281585394
경북,경주시,황오동,시설관리·임대,102,102,129.21328480486952,35.84506416193927
경북,경주시,황오동,예술·스포츠,38,38,129.2126838678821,35.8436758482592
경북,경주시,황오동,음식,715,715,129.21252992101142,35.843438944428016
경북,고령군,개진면,과학·기술,2,2,128.4011545917325,35.7126503143716
경북,고령군,개진면,부동산,3,3,128.41163870531966,35.70731041547693
경북,고령군,개진면,소매,29,29,128.3578827264295,35.714315453296784
경북,고령군,개진면,수리·개인,3,3,128.34646299734501,35.7199115484448
경북,고령군,개진면,숙박,1,1,128.421392090503,35.7254038996
경북,고령군,개진면,시설관리·임대,8,8,128.387047393751,35.71299852568505
경북,고령군,개진면,음식,20,20,128.37580715195475,35.71320480382233
경북,고령군,다산면,과학·기술,14,14,128.43740836426636,35.81842918574
경북,고령군,다산면,교육,9,9,128.44541318525887,35.825411680408344
경북,고령군,다산면,보건의료,3,3,128.45294145018133,35.82409921156877
경북,고령군,다산면,부동산,14,14,128.4468347409007,35.820947511352436
경북,고령군,다산면,소매,84,84,128.43896196018014,35.81995807236984
경북,고령군,다산면,수리·개인,34,34,128.44188329334406,35.8206224566663
경북,고령군,다산면,숙박,3,3,128.39012711213167,35.79489875208233
경북,고령군,다산면,시설관리·임대,8,8,128.4306294485081,35.81208910430581
경북,고령군,다산면,예술·스포츠,12,12,128.4408848574355,35.82446530788861
경북,고령군,다산면,음식,122,122,128.43755951455046,35.817733868165924
경북,고령군,대가야읍,과학·기술,50,50,128.26520193264406,35.72753424832029
경북,고령군,대가야읍,교육,14,14,128.26731676045964,35.72777499931077
경북,고령군,대가야읍,보건의료,5,5,128.2677306783474,35.73367457147182
경북,고령군,대가야읍,부동산,16,16,128.26833512329517,35.72851325388567
경북,고령군,대가야읍,소매,216,216,128.26685350152076,35.728315324933746
경북,고령군,대가야읍,수리·개인,84,84,128.26876263079785,35.72961565730514
경북,고령군,대가야읍,숙박,9,9,128.254217497741,35.73594254721167
경북,고령군,대가야읍,시설관리·임대,31,31,128.26173465853498,35.72671574450845
경북,고령군,대가야읍,예술·스포츠,31,31,128.26735163847866,35.72844320207328
경북,고령군,대가야읍,음식,309,309,128.26724452574567,35.72812337781814
경북,고령군,덕곡면,과학·기술,1,1,128.232398085561,35.780073516213
경북,고령군,덕곡면,교육,1,1,128.19100210315,35.800073818344
경북,고령군,덕곡면,소매,11,11,128.21922442336546,35.78039141692772
경북,고령군,덕곡면,숙박,9,9,128.20842268123724,35.78306728003143
경북,고령군,덕곡면,시설관리·임대,1,1,128.211852022876,35.7758664508705
경북,고령군,덕곡면,음식,14,14,128.21569455783785,35.78660398655556
경북,고령군,성산면,과학·기술,12,12,128.36346973215686,35.75305700319526
경북,고령군,성산면,교육,1,1,128.378358229721,35.7754879681545
경북,고령군,성산면,부동산,4,4,128.3684581428395,35.75320403648507
경북,고령군,성산면,소매,52,52,128.36450584957146,35.7525905654021
경북,고령군,성산면,수리·개인,11,11,128.3585787454808,35.748662616599674
경북,고령군,성산면,숙박,1,1,128.386609842088,35.7520253702506
경북,고령군,성산면,시설관리·임대,14,14,128.37338876007792,35.752586459473534
경북,고령군,성산면,음식,45,45,128.36644440283575,35.750565129926485
경북,고령군,쌍림면,과학·기술,11,11,128.24028453248792,35.69158599782566
경북,고령군,쌍림면,교육,4,4,128.2430198390575,35.7000091126597
경북,고령군,쌍림면,부동산,2,2,128.24683345664698,35.692286900515754
경북,고령군,쌍림면,소매,45,45,128.23961644576596,35.68851520006442
경북,고령군,쌍림면,수리·개인,9,9,128.23955335992855,35.68664226400256
경북,고령군,쌍림면,숙박,5,5,128.230170678404,35.66558409487034
경북,고령군,쌍림면,시설관리·임대,2,2,128.238889001693,35.69456690549035
경북,고령군,쌍림면,예술·스포츠,5,5,128.20876222243518,35.67096947104426
경북,고령군,쌍림면,음식,50,50,128.23873019435655,35.68616321493451
경북,고령군,우곡면,과학·기술,1,1,128.325287618786,35.6647325343113
경북,고령군,우곡면,교육,1,1,128.382601578394,35.637115053103
경북,고령군,우곡면,소매,7,7,128.36089669967944,35.64527234700296
경북,고령군,우곡면,숙박,2,2,128.341448520237,35.6795135354737
경북,고령군,우곡면,음식,5,5,128.3543031842398,35.6614578226764
경북,고령군,운수면,과학·기술,2,2,128.3003244868875,35.783438338798604
경북,고령군,운수면,교육,2,2,128.307531296701,35.767297305280806
경북,고령군,운수면,보건의료,1,1,128.271584495325,35.7781604963151
경북,고령군,운수면,부동산,2,2,128.289239996539,35.766829211608055
경북,고령군,운수면,소매,14,14,128.28369778399045,35.769726726605036
경북,고령군,운수면,수리·개인,2,2,128.2944545127915,35.76926490239565
경북,고령군,운수면,숙박,6,6,128.3028203269715,35.77926155476383
경북,고령군,운수면,시설관리·임대,1,1,128.291062913567,35.7434641376767
경북,고령군,운수면,예술·스포츠,2,2,128.2891429673915,35.76698345542515
경북,고령군,운수면,음식,28,28,128.29238269684205,35.77650323698553
경북,구미시,고아읍,과학·기술,44,44,128.33867012130065,36.16454043209358
경북,구미시,고아읍,교육,118,118,128.34030196129154,36.1598651272186
경북,구미시,고아읍,보건의료,10,10,128.3327472744706,36.174702342687354
경북,구미시,고아읍,부동산,67,67,128.34047293782882,36.164047328038784
경북,구미시,고아읍,소매,310,310,128.33966531173908,36.16816020752591
경북,구미시,고아읍,수리·개인,199,199,128.33962647578758,36.16400324954167
경북,구미시,고아읍,숙박,3,3,128.33584293722834,36.203522398955236
경북,구미시,고아읍,시설관리·임대,38,38,128.3445886573277,36.16655297343037
경북,구미시,고아읍,예술·스포츠,73,73,128.33752682391804,36.162192885912454
경북,구미시,고아읍,음식,426,426,128.33849182294068,36.16448108462359
경북,구미시,공단동,과학·기술,58,58,128.38285890801922,36.102533360473444
경북,구미시,공단동,교육,17,17,128.38217957561187,36.10385609604785
경북,구미시,공단동,보건의료,4,4,128.383915066722,36.10341948451155
경북,구미시,공단동,부동산,8,8,128.38391585236624,36.10307138666273
경북,구미시,공단동,소매,103,103,128.3819942712361,36.101665396093566
경북,구미시,공단동,수리·개인,40,40,128.38305184364452,36.103428717377255
경북,구미시,공단동,숙박,6,6,128.3828839723445,36.1028846799195
경북,구미시,공단동,시설관리·임대,61,61,128.38039272160879,36.10251013760339
경북,구미시,공단동,예술·스포츠,15,15,128.38500219087348,36.100511267844205
경북,구미시,공단동,음식,169,169,128.38277296108697,36.101188261376706
경북,구미시,광평동,과학·기술,12,12,128.3632426297,36.10762146185232
경북,구미시,광평동,교육,4,4,128.361272048495,36.109484430623354
경북,구미시,광평동,보건의료,2,2,128.36366565813802,36.1040391916778
경북,구미시,광평동,부동산,2,2,128.3608478905315,36.10775682689395
경북,구미시,광평동,소매,102,102,128.36317830589937,36.10724471338149
경북,구미시,광평동,수리·개인,44,44,128.36227622260503,36.10736828766445
경북,구미시,광평동,숙박,1,1,128.366072409534,36.1070756437021
경북,구미시,광평동,시설관리·임대,11,11,128.3609774681251,36.11095685496066
경북,구미시,광평동,예술·스포츠,7,7,128.36206303684057,36.10668097834156
경북,구미시,광평동,음식,31,31,128.36170483249913,36.10846972092592
경북,구미시,도개면,과학·기술,1,1,128.295591790577,36.3351777535561
경북,구미시,도개면,교육,2,2,128.35963281861052,36.28844630579985
경북,구미시,도개면,부동산,2,2,128.33034577715,36.30142768432425
경북,구미시,도개면,소매,26,26,128.33707409569803,36.30564230077481
경북,구미시,도개면,수리·개인,6,6,128.326042133272,36.303622424370765
경북,구미시,도개면,숙박,1,1,128.296970071892,36.339713425403
경북,구미시,도개면,시설관리·임대,3,3,128.33103677262267,36.31525058357577
경북,구미시,도개면,예술·스포츠,2,2,128.369005388679,36.2879077342171
경북,구미시,도개면,음식,31,31,128.3330308559373,36.29797144717379
경북,구미시,도량동,과학·기술,40,40,128.32559047405314,36.140965337587154
경북,구미시,도량동,교육,50,50,128.32423641466164,36.140913956729406
경북,구미시,도량동,보건의료,3,3,128.324122233248,36.13909545258517
경북,구미시,도량동,부동산,25,25,128.3254559524278,36.14060148617846
경북,구미시,도량동,소매,209,209,128.3249498500288,36.13957543380881
경북,구미시,도량동,수리·개인,147,147,128.32410138740283,36.14070722706203
경북,구미시,도량동,시설관리·임대,32,32,128.32852078153044,36.140652760917206
경북,구미시,도량동,예술·스포츠,42,42,128.32276021627194,36.14002284338598
경북,구미시,도량동,음식,234,234,128.32481228890794,36.141020237409116
경북,구미시,무을면,과학·기술,3,3,128.17849128976601,36.269555093939935
경북,구미시,무을면,교육,1,1,128.152587830355,36.2724909753834
경북,구미시,무을면,소매,10,10,128.187255731653,36.263807585750456
경북,구미시,무을면,수리·개인,1,1,128.149902075215,36.2729944346295
경북,구미시,무을면,숙박,7,7,128.167726000531,36.27945273450774
경북,구미시,무을면,예술·스포츠,3,3,128.177858382977,36.2597707228918
경북,구미시,무을면,음식,23,23,128.18693203457514,36.264730460055674
경북,구미시,비산동,과학·기술,19,19,128.37845198093805,36.11901269312569
경북,구미시,비산동,교육,21,21,128.3751016351949,36.1214411204045
경북,구미시,비산동,보건의료,1,1,128.374909878521,36.120969191861
경북,구미시,비산동,부동산,15,15,128.37556006116114,36.121609878234004
경북,구미시,비산동,소매,91,91,128.37704957100598,36.12096778439637
경북,구미시,비산동,수리·개인,92,92,128.37580097341865,36.12109445864845
경북,구미시,비산동,숙박,1,1,128.379675574733,36.1235547164084
경북,구미시,비산동,시설관리·임대,11,11,128.38043277327947,36.12055660233032
경북,구미시,비산동,예술·스포츠,25,25,128.37669761128853,36.12160283683249
경북,구미시,비산동,음식,154,154,128.37753952697662,36.1208500148909
경북,구미시,산동읍,과학·기술,54,54,128.44152097624288,36.154324252709046
경북,구미시,산동읍,교육,174,174,128.4330622277643,36.15510937726627
경북,구미시,산동읍,보건의료,13,13,128.4313149076337,36.15539829141483
경북,구미시,산동읍,부동산,65,65,128.43593628857158,36.158503138098375
경북,구미시,산동읍,소매,230,230,128.43679365495527,36.15588341116886
경북,구미시,산동읍,수리·개인,167,167,128.4343490367486,36.15467039763518
경북,구미시,산동읍,숙박,2,2,128.4284934152485,36.15611225557414
경북,구미시,산동읍,시설관리·임대,24,24,128.4328416929932,36.15832280384367
경북,구미시,산동읍,예술·스포츠,77,77,128.43751243497476,36.1540155016117
경북,구미시,산동읍,음식,469,469,128.43731124348295,36.156216201594496
경북,구미시,상모사곡동,과학·기술,75,75,128.35690066190858,36.09392947663349
경북,구미시,상모사곡동,교육,63,63,128.3560577077558,36.09250137074935
경북,구미시,상모사곡동,보건의료,5,5,128.356494613392,36.08932385523186
경북,구미시,상모사곡동,부동산,45,45,128.35643887527982,36.094551881625804
경북,구미시,상모사곡동,소매,265,265,128.35688625190244,36.093962388770485
경북,구미시,상모사곡동,수리·개인,239,239,128.35690253600276,36.09318930369958
경북,구미시,상모사곡동,숙박,6,6,128.35684416681167,36.094480433148355
경북,구미시,상모사곡동,시설관리·임대,40,40,128.3575299877811,36.094845342563865
경북,구미시,상모사곡동,예술·스포츠,103,103,128.35636292267313,36.09180443968948
경북,구미시,상모사곡동,음식,579,579,128.35640895937038,36.09265655700936
경북,구미시,선산읍,과학·기술,36,36,128.29941391059293,36.24055545763021
경북,구미시,선산읍,교육,24,24,128.30305887770243,36.2445873876593
경북,구미시,선산읍,보건의료,6,6,128.30230239162367,36.241096964402715
경북,구미시,선산읍,부동산,12,12,128.29887611980368,36.24192638695934
경북,구미시,선산읍,소매,219,219,128.29952369603066,36.24155328824562
경북,구미시,선산읍,수리·개인,111,111,128.29950125995188,36.24220729163422
경북,구미시,선산읍,숙박,13,13,128.31763208302107,36.250059200302005
경북,구미시,선산읍,시설관리·임대,12,12,128.3057997605371,36.239836332569425
경북,구미시,선산읍,예술·스포츠,33,33,128.30219141980217,36.24315174655738
경북,구미시,선산읍,음식,335,335,128.30064219234276,36.24296328844898
경북,구미시,선주원남동,과학·기술,145,145,128.31406401578195,36.14323259103597
경북,구미시,선주원남동,교육,130,130,128.3140409672405,36.1460345372252
경북,구미시,선주원남동,보건의료,13,13,128.3118520779371,36.14403186781343
경북,구미시,선주원남동,부동산,69,69,128.3151998131471,36.14469091292097
경북,구미시,선주원남동,소매,473,473,128.31520220301036,36.14178539721904
경북,구미시,선주원남동,수리·개인,364,364,128.31471087139636,36.14439791693687
경북,구미시,선주원남동,숙박,31,31,128.3162278555967,36.13167298794942
경북,구미시,선주원남동,시설관리·임대,58,58,128.31275362394197,36.14261934604918
경북,구미시,선주원남동,예술·스포츠,108,108,128.31358570964014,36.1447202380851
경북,구미시,선주원남동,음식,825,825,128.315800094932,36.140803078506835
경북,구미시,송정동,과학·기술,151,151,128.34605453075568,36.118097998039524
경북,구미시,송정동,교육,65,65,128.3448853451376,36.11922889998433
경북,구미시,송정동,보건의료,5,5,128.3427275583032,36.11830282114024
경북,구미시,송정동,부동산,51,51,128.3449154103626,36.11867620482002
경북,구미시,송정동,소매,237,237,128.34646981480253,36.11844501556517
경북,구미시,송정동,수리·개인,149,149,128.3463156837399,36.1179424683327
경북,구미시,송정동,숙박,9,9,128.34966284926145,36.119183645273424
경북,구미시,송정동,시설관리·임대,51,51,128.3490647905543,36.118408676395674
경북,구미시,송정동,예술·스포츠,58,58,128.3445761175002,36.1188695280859
경북,구미시,송정동,음식,432,432,128.34516039439367,36.1176966158225
경북,구미시,신평1동,과학·기술,40,40,128.36437626783237,36.11886652117726
경북,구미시,신평1동,교육,13,13,128.3622977754153,36.121287260526735
경북,구미시,신평1동,보건의료,3,3,128.36357089692433,36.11654806116217
경북,구미시,신평1동,부동산,10,10,128.3621960889675,36.12002676710881
경북,구미시,신평1동,소매,137,137,128.36383537219072,36.11763259460683
경북,구미시,신평1동,수리·개인,60,60,128.3632078010916,36.120032676902156
경북,구미시,신평1동,시설관리·임대,22,22,128.36303137094868,36.11994329317055
경북,구미시,신평1동,예술·스포츠,19,19,128.36278180902698,36.12216212227124
경북,구미시,신평1동,음식,183,183,128.36281440604324,36.12158211471101
경북,구미시,신평2동,교육,4,4,128.36501502723348,36.124900920675074
경북,구미시,신평2동,부동산,3,3,128.36525407657436,36.123098184737735
경북,구미시,신평2동,소매,28,28,128.364945132726,36.12361438652362
경북,구미시,신평2동,수리·개인,21,21,128.3647179113319,36.1235655905774
경북,구미시,신평2동,시설관리·임대,8,8,128.36458749334813,36.1236239332959
경북,구미시,신평2동,예술·스포츠,2,2,128.363997124047,36.1235270304063
경북,구미시,신평2동,음식,44,44,128.36444488603718,36.1232755509141
경북,구미시,양포동,과학·기술,65,65,128.416020413387,36.13950292167729
경북,구미시,양포동,교육,114,114,128.42122453055404,36.1397057193712
경북,구미시,양포동,보건의료,13,13,128.42024066921476,36.138851691441324
경북,구미시,양포동,부동산,53,53,128.41871154425277,36.13862893322406
경북,구미시,양포동,소매,372,372,128.41832670196024,36.13921238947052
경북,구미시,양포동,수리·개인,268,268,128.4201224618641,36.13968873299565
경북,구미시,양포동,숙박,26,26,128.4196868582712,36.135906028558075
경북,구미시,양포동,시설관리·임대,32,32,128.41832590904687,36.13833770713798
경북,구미시,양포동,예술·스포츠,78,78,128.41766318925986,36.13799263151602
경북,구미시,양포동,음식,675,675,128.41911417320506,36.139238528443634
경북,구미시,옥성면,과학·기술,4,4,128.26963955019,36.323110544318325
경북,구미시,옥성면,소매,12,12,128.25869083468524,36.29695995407817
경북,구미시,옥성면,수리·개인,2,2,128.29552834149,36.2920361566226
경북,구미시,옥성면,시설관리·임대,3,3,128.256709686621,36.28664569470297
경북,구미시,옥성면,예술·스포츠,1,1,128.304801954125,36.2950679977373
경북,구미시,옥성면,음식,13,13,128.26252210976477,36.28715175433942
경북,구미시,원평동,과학·기술,132,132,128.34165890711463,36.12622385345508
경북,구미시,원평동,교육,54,54,128.3386307300708,36.12709206535955
경북,구미시,원평동,보건의료,21,21,128.33305205485271,36.12830041141591
경북,구미시,원평동,부동산,50,50,128.3351516350734,36.129006996479404
경북,구미시,원평동,소매,701,701,128.33575564696218,36.12822832579223
경북,구미시,원평동,수리·개인,205,205,128.33731678114788,36.12791656676063
경북,구미시,원평동,숙박,135,135,128.34352883408107,36.12547235807982
경북,구미시,원평동,시설관리·임대,81,81,128.3408591349693,36.12671145555703
경북,구미시,원평동,예술·스포츠,47,47,128.3387049307294,36.127368989384806
경북,구미시,원평동,음식,517,517,128.33887962139158,36.12718546056736
경북,구미시,인동동,과학·기술,112,112,128.43068193172965,36.10085983464639
경북,구미시,인동동,교육,83,83,128.43111254313234,36.098609766172615
경북,구미시,인동동,보건의료,21,21,128.4228774988864,36.10486902204958
경북,구미시,인동동,부동산,73,73,128.42851218335323,36.10185303655914
경북,구미시,인동동,소매,566,566,128.42845482832772,36.10344253327124
경북,구미시,인동동,수리·개인,392,392,128.42901048102476,36.10248383662869
경북,구미시,인동동,숙박,54,54,128.42062454914665,36.10719789727556
경북,구미시,인동동,시설관리·임대,106,106,128.4282917950459,36.103131000187496
경북,구미시,인동동,예술·스포츠,118,118,128.42747022336857,36.1029566941995
경북,구미시,인동동,음식,839,839,128.4283676172387,36.10313239432603
경북,구미시,임오동,과학·기술,34,34,128.35970137771082,36.080596318358126
경북,구미시,임오동,교육,37,37,128.35932996812397,36.08217520578236
경북,구미시,임오동,보건의료,3,3,128.35525440815266,36.078277681518806
경북,구미시,임오동,부동산,13,13,128.35833051969232,36.07934871671654
경북,구미시,임오동,소매,151,151,128.3593144548133,36.078916396292094
경북,구미시,임오동,수리·개인,120,120,128.3576576486682,36.07844236128543
경북,구미시,임오동,숙박,2,2,128.3610240175185,36.0808870600909
경북,구미시,임오동,시설관리·임대,25,25,128.3581049502782,36.07912645709158
경북,구미시,임오동,예술·스포츠,25,25,128.36010296434705,36.08266469584189
경북,구미시,임오동,음식,160,160,128.36004158739,36.08181197946984
경북,구미시,장천면,과학·기술,8,8,128.50005059422037,36.13561606250755
경북,구미시,장천면,교육,3,3,128.49625284965833,36.138585387943
경북,구미시,장천면,보건의료,1,1,128.480073285325,36.1365397769299
경북,구미시,장천면,부동산,4,4,128.49259642788525,36.12453231602895
경북,구미시,장천면,소매,46,46,128.4921811858323,36.13600537844297
경북,구미시,장천면,수리·개인,16,16,128.50439585884826,36.12914650411575
경북,구미시,장천면,숙박,1,1,128.556991648341,36.1112433478097
경북,구미시,장천면,시설관리·임대,4,4,128.490002383573,36.12274427062732
경북,구미시,장천면,예술·스포츠,6,6,128.49684144316402,36.123439312468484
경북,구미시,장천면,음식,83,83,128.49441449955611,36.1289995183595
경북,구미시,지산동,과학·기술,8,8,128.3496723057266,36.13850718758177
경북,구미시,지산동,교육,4,4,128.34505726436424,36.138700075898875
경북,구미시,지산동,부동산,4,4,128.344499610817,36.13775788522835
경북,구미시,지산동,소매,66,66,128.34654462733587,36.1357498103842
경북,구미시,지산동,수리·개인,25,25,128.34620916916253,36.13702505148369
경북,구미시,지산동,시설관리·임대,13,13,128.34610548630468,36.13548502128578
경북,구미시,지산동,예술·스포츠,3,3,128.34832537040867,36.13710430252227
경북,구미시,지산동,음식,20,20,128.34554198679345,36.13817197550658
경북,구미시,진미동,과학·기술,78,78,128.418453422528,36.1006941939126
경북,구미시,진미동,교육,22,22,128.42442590745046,36.096129814066884
경북,구미시,진미동,보건의료,11,11,128.42288767357184,36.10035096802063
경북,구미시,진미동,부동산,61,61,128.4245906397726,36.09810251964405
경북,구미시,진미동,소매,305,305,128.42003496287919,36.09976762937789
경북,구미시,진미동,수리·개인,206,206,128.42399422501717,36.097234697217026
경북,구미시,진미동,숙박,11,11,128.42094668023591,36.09972318902589
경북,구미시,진미동,시설관리·임대,86,86,128.41715235364,36.10097291354517
경북,구미시,진미동,예술·스포츠,99,99,128.4260928815623,36.09631854333705
경북,구미시,진미동,음식,544,544,128.42429506461423,36.096920368668805
경북,구미시,해평면,과학·기술,13,13,128.39534485392548,36.19823628739311
경북,구미시,해평면,교육,5,5,128.385715761482,36.19618050651884
경북,구미시,해평면,부동산,9,9,128.39366471004345,36.19353154091259
경북,구미시,해평면,소매,33,33,128.3889317253872,36.20297152590283
경북,구미시,해평면,수리·개인,14,14,128.39086739003636,36.20160235955881
경북,구미시,해평면,숙박,2,2,128.389055453752,36.2144374574666
경북,구미시,해평면,시설관리·임대,8,8,128.39945514425824,36.20352878289131
경북,구미시,해평면,예술·스포츠,3,3,128.39398768765133,36.225738419739834
경북,구미시,해평면,음식,74,74,128.3926995198557,36.20635331195924
경북,구미시,형곡1동,과학·기술,29,29,128.33496185728228,36.114698230994385
경북,구미시,형곡1동,교육,34,34,128.3347097249255,36.11355320616029
경북,구미시,형곡1동,보건의료,19,19,128.3381426489576,36.11389331759363
경북,구미시,형곡1동,부동산,15,15,128.33394948752206,36.113564182442914
경북,구미시,형곡1동,소매,163,163,128.33554134579362,36.11362863836492
경북,구미시,형곡1동,수리·개인,99,99,128.3354001280471,36.11378078759099
경북,구미시,형곡1동,숙박,2,2,128.3379448520735,36.1123989356614
경북,구미시,형곡1동,시설관리·임대,19,19,128.33454542617716,36.11402923679501
경북,구미시,형곡1동,예술·스포츠,44,44,128.3363243410592,36.11301932763829
경북,구미시,형곡1동,음식,198,198,128.3362046879562,36.11341363356599
경북,구미시,형곡2동,과학·기술,68,68,128.33645842022196,36.107690326013504
경북,구미시,형곡2동,교육,58,58,128.33601232786006,36.108107411266474
경북,구미시,형곡2동,보건의료,3,3,128.33696057939332,36.10936555485274
경북,구미시,형곡2동,부동산,13,13,128.33855584911845,36.10893483965126
경북,구미시,형곡2동,소매,175,175,128.3362935716947,36.10771562285329
경북,구미시,형곡2동,수리·개인,160,160,128.33648071841918,36.107958991091046
경북,구미시,형곡2동,숙박,1,1,128.33452415722,36.1064850518936
경북,구미시,형곡2동,시설관리·임대,33,33,128.33639393296107,36.10698629397978
경북,구미시,형곡2동,예술·스포츠,49,49,128.33578372285302,36.10776606641881
경북,구미시,형곡2동,음식,272,272,128.33578203679383,36.107662825626214
경북,김천시,감문면,과학·기술,2,2,128.1996994307105,36.212664927653705
경북,김천시,감문면,교육,3,3,128.21147084162033,36.212052427540335
경북,김천시,감문면,보건의료,1,1,128.142040496106,36.2115036916762
경북,김천시,감문면,소매,23,23,128.1931519781947,36.20229871417578
경북,김천시,감문면,수리·개인,6,6,128.1965909405953,36.20102129184997
경북,김천시,감문면,숙박,1,1,128.193253414751,36.2323519902486
경북,김천시,감문면,시설관리·임대,5,5,128.1991589125894,36.20669410685964
경북,김천시,감문면,예술·스포츠,1,1,128.230417892629,36.1913431930013
경북,김천시,감문면,음식,42,42,128.20780635613986,36.19767246710411
경북,김천시,감천면,교육,2,2,128.13000414524,36.04775088537955
경북,김천시,감천면,소매,8,8,128.1287866344576,36.05591454250816
경북,김천시,감천면,수리·개인,1,1,128.12792066466,36.0976412646085
경북,김천시,감천면,숙박,1,1,128.125771010034,36.0691485437923
경북,김천시,감천면,시설관리·임대,5,5,128.1280310537764,36.04398273920156
경북,김천시,감천면,예술·스포츠,1,1,128.126746705806,36.065958246138
경북,김천시,감천면,음식,13,13,128.1265438923279,36.06532098051905
경북,김천시,개령면,과학·기술,4,4,128.1747796025405,36.18206107275745
경북,김천시,개령면,교육,2,2,128.169688897705,36.15703111865305
경북,김천시,개령면,소매,12,12,128.17882351876344,36.163051023849484
경북,김천시,개령면,수리·개인,1,1,128.187975021712,36.1671977016184
경북,김천시,개령면,숙박,2,2,128.175353879149,36.154814294254
경북,김천시,개령면,시설관리·임대,1,1,128.160164155669,36.1699215707062
경북,김천시,개령면,예술·스포츠,1,1,128.156579072424,36.1399838735489
경북,김천시,개령면,음식,7,7,128.18629218760057,36.166020047446544
경북,김천시,구성면,과학·기술,1,1,128.086781695263,36.0799980767554
경북,김천시,구성면,소매,16,16,128.0376676320787,36.03684818725179
경북,김천시,구성면,수리·개인,4,4,128.04892309406526,36.0347894861638
경북,김천시,구성면,숙박,1,1,128.064738779245,36.0218536980904
경북,김천시,구성면,시설관리·임대,2,2,128.082959381367,36.068835585881345
경북,김천시,구성면,예술·스포츠,2,2,128.01048869113498,36.044015609015005
경북,김천시,구성면,음식,20,20,128.04370752216326,36.044265247086024
경북,김천시,남면,과학·기술,4,4,128.23078420443926,36.10619075745355
경북,김천시,남면,교육,2,2,128.2288433861165,36.0980207441315
경북,김천시,남면,보건의료,1,1,128.270980752606,36.0519624126926
경북,김천시,남면,부동산,5,5,128.2163460360124,36.11012590395568
경북,김천시,남면,소매,40,40,128.2284103364076,36.098892445769934
경북,김천시,남면,수리·개인,4,4,128.21172551981476,36.105381685750075
경북,김천시,남면,숙박,23,23,128.24519179006217,36.10129455133834
경북,김천시,남면,시설관리·임대,3,3,128.23153581559268,36.09999526808914
경북,김천시,남면,예술·스포츠,8,8,128.230681157921,36.118094221107114
경북,김천시,남면,음식,68,68,128.2246688417946,36.101889955021186
경북,김천시,농소면,과학·기술,10,10,128.1746205007608,36.10435116291671
경북,김천시,농소면,교육,1,1,128.216002709918,36.067735335135
경북,김천시,농소면,부동산,2,2,128.183519140747,36.102520927282754
경북,김천시,농소면,소매,28,28,128.17326583788497,36.107617071372125
경북,김천시,농소면,수리·개인,9,9,128.17415508315065,36.10350385616559
경북,김천시,농소면,숙박,4,4,128.18572286864975,36.08258722139932
경북,김천시,농소면,시설관리·임대,5,5,128.1694544947502,36.09937504221736
경북,김천시,농소면,예술·스포츠,1,1,128.166883824433,36.112614890193
경북,김천시,농소면,음식,37,37,128.17274410825553,36.10855774032348
경북,김천시,대곡동,과학·기술,34,34,128.09490242411678,36.125415256715
경북,김천시,대곡동,교육,38,38,128.09607975417003,36.12479641954784
경북,김천시,대곡동,보건의료,3,3,128.09126489584733,36.12345617184973
경북,김천시,대곡동,부동산,20,20,128.09760234160345,36.1251369527424
경북,김천시,대곡동,소매,176,176,128.09562874532372,36.12530029770779
경북,김천시,대곡동,수리·개인,151,151,128.09503111877402,36.125007367981176
경북,김천시,대곡동,숙박,29,29,128.10398070037758,36.12499273423124
경북,김천시,대곡동,시설관리·임대,33,33,128.09537433830607,36.125518193537275
경북,김천시,대곡동,예술·스포츠,37,37,128.09477809034038,36.124983443354864
경북,김천시,대곡동,음식,367,367,128.09738717387043,36.1249793843108
경북,김천시,대덕면,소매,19,19,127.96383027791195,35.916246831922344
경북,김천시,대덕면,수리·개인,5,5,127.9738006037688,35.92477990888788
경북,김천시,대덕면,숙박,1,1,127.947152848429,35.9220319223261
경북,김천시,대덕면,시설관리·임대,1,1,127.972394267359,35.9194960085928
경북,김천시,대덕면,예술·스포츠,2,2,127.970493404872,35.918524566515856
경북,김천시,대덕면,음식,18,18,127.96663521100767,35.91427852859821
경북,김천시,대신동,과학·기술,119,119,128.1110968117063,36.13914453686106
경북,김천시,대신동,교육,48,48,128.11132376578954,36.13665484563549
경북,김천시,대신동,보건의료,11,11,128.11504477728772,36.13655178666084
경북,김천시,대신동,부동산,32,32,128.11205083936628,36.135972275452694
경북,김천시,대신동,소매,235,235,128.11457144799033,36.1379241264041
경북,김천시,대신동,수리·개인,177,177,128.11611068698508,36.13767252294778
경북,김천시,대신동,숙박,9,9,128.1068190659999,36.146555420786655
경북,김천시,대신동,시설관리·임대,36,36,128.1107798340064,36.13971603685896
경북,김천시,대신동,예술·스포츠,64,64,128.11295987731532,36.13627437603622
경북,김천시,대신동,음식,487,487,128.1115835193532,36.1372393079932
경북,김천시,대항면,과학·기술,2,2,128.03908902280853,36.12722772610945
경북,김천시,대항면,교육,3,3,128.03065700242735,36.11543482576786
경북,김천시,대항면,소매,44,44,128.02643704799792,36.12251268025196
경북,김천시,대항면,수리·개인,10,10,128.02538176428888,36.125026727169846
경북,김천시,대항면,숙박,17,17,128.02318109305878,36.11527513664741
경북,김천시,대항면,시설관리·임대,6,6,128.0398409267965,36.12624054267143
경북,김천시,대항면,예술·스포츠,4,4,128.01732476855926,36.11467901591257
경북,김천시,대항면,음식,81,81,128.0212038319548,36.12080983553866
경북,김천시,봉산면,과학·기술,4,4,128.02851335420473,36.1560489916902
경북,김천시,봉산면,교육,2,2,128.02740885636803,36.147222040181546
경북,김천시,봉산면,보건의료,1,1,128.068825955408,36.1738808746066
경북,김천시,봉산면,소매,32,32,128.03486004520482,36.15800172895428
경북,김천시,봉산면,수리·개인,8,8,128.03083388258338,36.15753378587055
경북,김천시,봉산면,숙박,3,3,128.03522652520067,36.14602322604323
경북,김천시,봉산면,시설관리·임대,1,1,128.058540981078,36.1421882463517
경북,김천시,봉산면,예술·스포츠,2,2,128.050686969782,36.163983428362656
경북,김천시,봉산면,음식,29,29,128.02926038141644,36.16082907213423
경북,김천시,부항면,과학·기술,1,1,127.899361963755,36.0125288554538
경북,김천시,부항면,교육,2,2,127.93434622438599,36.01748605280705
경북,김천시,부항면,소매,7,7,127.94852456468386,35.992212580577274
경북,김천시,부항면,숙박,8,8,127.93455685638763,36.008984698432535
경북,김천시,부항면,시설관리·임대,1,1,127.897792152991,36.0139735207698
경북,김천시,부항면,예술·스포츠,1,1,127.941454799991,35.986215327275
경북,김천시,부항면,음식,11,11,127.93970326809182,35.99344854303376
경북,김천시,아포읍,과학·기술,11,11,128.2375342370399,36.154227665785626
경북,김천시,아포읍,교육,8,8,128.2646292300625,36.15217354976835
경북,김천시,아포읍,보건의료,1,1,128.261355884094,36.1587062381877
경북,김천시,아포읍,부동산,10,10,128.2602297585189,36.15875753845932
경북,김천시,아포읍,소매,140,140,128.26689401852397,36.156285833668754
경북,김천시,아포읍,수리·개인,39,39,128.25376692047,36.15960843746985
경북,김천시,아포읍,숙박,10,10,128.252544685906,36.15178046954457
경북,김천시,아포읍,시설관리·임대,9,9,128.25403037635922,36.15783569176816
경북,김천시,아포읍,예술·스포츠,12,12,128.26003724638477,36.15899721551226
경북,김천시,아포읍,음식,132,132,128.2555470276444,36.15624502335067
경북,김천시,양금동,과학·기술,16,16,128.12194523565137,36.11293258243704
경북,김천시,양금동,교육,3,3,128.11890481688468,36.106466886416534
경북,김천시,양금동,보건의료,2,2,128.1242755591455,36.1176903772525
경북,김천시,양금동,부동산,2,2,128.12369763439,36.11766425855215
경북,김천시,양금동,소매,85,85,128.1227505408262,36.11376894068653
경북,김천시,양금동,수리·개인,43,43,128.12323367900072,36.1152426833756
경북,김천시,양금동,시설관리·임대,7,7,128.1224929489904,36.11092773026047
경북,김천시,양금동,예술·스포츠,3,3,128.12447512975498,36.11740613635723
경북,김천시,양금동,음식,102,102,128.12338174227585,36.11402894971856
경북,김천시,어모면,과학·기술,6,6,128.11344999423716,36.191043816550184
경북,김천시,어모면,교육,3,3,128.11599968994634,36.1803606447014
경북,김천시,어모면,보건의료,2,2,128.05277162313052,36.21091204854725
경북,김천시,어모면,부동산,2,2,128.11881791279598,36.16784592978085
경북,김천시,어모면,소매,29,29,128.1156914464147,36.17920123386294
경북,김천시,어모면,수리·개인,10,10,128.1171217831858,36.18426595127947
경북,김천시,어모면,숙박,6,6,128.09253615500083,36.20934637246533
경북,김천시,어모면,시설관리·임대,13,13,128.11429134568962,36.17241994226316
경북,김천시,어모면,예술·스포츠,3,3,128.12121539442032,36.180511705990966
경북,김천시,어모면,음식,53,53,128.1200048361537,36.17079194064423
경북,김천시,율곡동,과학·기술,76,76,128.18267872117158,36.11763496883125
경북,김천시,율곡동,교육,130,130,128.1838007431724,36.12044497207558
경북,김천시,율곡동,보건의료,7,7,128.1844795044237,36.11835118328268
경북,김천시,율곡동,부동산,56,56,128.18333461310402,36.1184348425592
경북,김천시,율곡동,소매,156,156,128.1829094793599,36.11914351127554
경북,김천시,율곡동,수리·개인,120,120,128.18239023680636,36.119203786095404
경북,김천시,율곡동,숙박,3,3,128.18267417731633,36.116650413051964
경북,김천시,율곡동,시설관리·임대,36,36,128.1819240662402,36.11736271186846
경북,김천시,율곡동,예술·스포츠,53,53,128.182782492823,36.11782984107089
경북,김천시,율곡동,음식,355,355,128.1829877407006,36.11918997640375
경북,김천시,자산동,과학·기술,43,43,128.1244310273608,36.12163910267781
경북,김천시,자산동,교육,16,16,128.12532637804932,36.1221569749541
경북,김천시,자산동,보건의료,3,3,128.120975142745,36.12512881187576
경북,김천시,자산동,부동산,8,8,128.1233185754435,36.12146615662147
경북,김천시,자산동,소매,279,279,128.12467790060498,36.120798307709904
경북,김천시,자산동,수리·개인,124,124,128.12401122829016,36.12209286529693
경북,김천시,자산동,숙박,20,20,128.12907284610034,36.12178022937304
경북,김천시,자산동,시설관리·임대,35,35,128.1249154328918,36.12108169641386
경북,김천시,자산동,예술·스포츠,16,16,128.12518580102525,36.12067194962244
경북,김천시,자산동,음식,211,211,128.1248856625952,36.1216809153479
경북,김천시,조마면,과학·기술,1,1,128.130840998084,35.9998906464374
경북,김천시,조마면,교육,1,1,128.144091678813,35.9674847139294
경북,김천시,조마면,소매,7,7,128.11034823752885,36.026044834231094
경북,김천시,조마면,수리·개인,1,1,128.0979105552,36.0348289298861
경북,김천시,조마면,숙박,1,1,128.103418411158,35.9961718411134
경북,김천시,조마면,시설관리·임대,2,2,128.14266860271198,36.01142160175445
경북,김천시,조마면,음식,6,6,128.1047939817035,36.03582680972696
경북,김천시,증산면,소매,13,13,128.03413281086753,35.897117745106236
경북,김천시,증산면,숙박,10,10,128.0118894908009,35.859698955826595
경북,김천시,증산면,시설관리·임대,1,1,128.036522837325,35.900998539961
경북,김천시,증산면,예술·스포츠,3,3,128.01211519850003,35.903402248076134
경북,김천시,증산면,음식,17,17,128.02837363364358,35.89241264222307
경북,김천시,지례면,부동산,2,2,128.0270072137845,35.98101198681715
경북,김천시,지례면,소매,25,25,128.03335339316124,35.98421120710329
경북,김천시,지례면,수리·개인,9,9,128.02877115142965,35.98644957667459
경북,김천시,지례면,숙박,1,1,128.032640804333,35.9857714821934
경북,김천시,지례면,시설관리·임대,3,3,128.01953018575668,35.98111018276027
경북,김천시,지례면,예술·스포츠,1,1,128.029051318768,35.9877218615989
경북,김천시,지례면,음식,38,38,128.03062720575085,35.985149357876615
경북,김천시,지좌동,과학·기술,12,12,128.14300839967618,36.11795216303114
경북,김천시,지좌동,교육,7,7,128.14945349198786,36.11578391638785
경북,김천시,지좌동,보건의료,1,1,128.157228236251,36.1183678384133
경북,김천시,지좌동,부동산,20,20,128.15099529542957,36.117101136299155
경북,김천시,지좌동,소매,95,95,128.14724494558521,36.117478807473866
경북,김천시,지좌동,수리·개인,71,71,128.1490045416565,36.11651695939986
경북,김천시,지좌동,숙박,5,5,128.1515924821544,36.11760028184308
경북,김천시,지좌동,시설관리·임대,17,17,128.14826398389542,36.11826144687485
경북,김천시,지좌동,예술·스포츠,20,20,128.14778520229436,36.11776724166994
경북,김천시,지좌동,음식,106,106,128.14728450653732,36.117168315919365
경북,김천시,평화남산동,과학·기술,41,41,128.1145280126979,36.12321145752016
경북,김천시,평화남산동,교육,10,10,128.1150318230105,36.12275207604
경북,김천시,평화남산동,보건의료,6,6,128.11538489989667,36.123344149781296
경북,김천시,평화남산동,부동산,8,8,128.11328357038124,36.123277650834886
경북,김천시,평화남산동,소매,268,268,128.11399912107518,36.12391253426635
경북,김천시,평화남산동,수리·개인,110,110,128.11341123611032,36.124062996908556
경북,김천시,평화남산동,숙박,26,26,128.10989605300745,36.12497622390768
경북,김천시,평화남산동,시설관리·임대,27,27,128.11258400947406,36.12407522884175
경북,김천시,평화남산동,예술·스포츠,24,24,128.11182419016305,36.12575219825765
경북,김천시,평화남산동,음식,243,243,128.11280350797577,36.124296307231575
경북,문경시,가은읍,과학·기술,5,5,128.0536931688346,36.6481150747894
경북,문경시,가은읍,교육,5,5,128.039401289952,36.64978939843138
경북,문경시,가은읍,부동산,4,4,128.06082408023377,36.6484375073679
경북,문경시,가은읍,소매,63,63,128.04591268820863,36.650515948685175
경북,문경시,가은읍,수리·개인,18,18,128.06076733838654,36.6462175407068
경북,문경시,가은읍,숙박,36,36,128.0074846688186,36.65896417383892
경북,문경시,가은읍,시설관리·임대,8,8,128.05586621888,36.65092770977045
경북,문경시,가은읍,예술·스포츠,3,3,128.0577523828073,36.631334147469396
경북,문경시,가은읍,음식,105,105,128.05309884676444,36.64782373106857
경북,문경시,농암면,과학·기술,3,3,128.00350160817501,36.59805142595157
경북,문경시,농암면,교육,1,1,127.995503628247,36.61195944437
경북,문경시,농암면,보건의료,1,1,127.9307811626,36.5780602280343
경북,문경시,농암면,부동산,2,2,128.003411267328,36.59639866192515
경북,문경시,농암면,소매,27,27,127.99604520537378,36.58616719666248
경북,문경시,농암면,수리·개인,5,5,127.9962328506476,36.5887904070604
경북,문경시,농암면,숙박,28,28,127.97344385638526,36.56674360788705
경북,문경시,농암면,예술·스포츠,2,2,127.96415607403,36.588157633696355
경북,문경시,농암면,음식,39,39,127.99650634510246,36.590354168801206
경북,문경시,동로면,과학·기술,4,4,128.30875279428375,36.755152251122595
경북,문경시,동로면,부동산,1,1,128.316216495451,36.7480624881542
경북,문경시,동로면,소매,19,19,128.3071609204953,36.76817515389602
경북,문경시,동로면,수리·개인,3,3,128.31472862093133,36.7780989308543
경북,문경시,동로면,숙박,20,20,128.2903406831035,36.77621325952863
경북,문경시,동로면,시설관리·임대,1,1,128.311763650803,36.7745665236554
경북,문경시,동로면,음식,18,18,128.30976892177537,36.76698519817501
경북,문경시,마성면,과학·기술,3,3,128.099200455971,36.6713423439466
경북,문경시,마성면,교육,2,2,128.126036607354,36.67636936806555
경북,문경시,마성면,부동산,1,1,128.119881560475,36.6927640487817
경북,문경시,마성면,소매,48,48,128.11989689408605,36.681057448698496
경북,문경시,마성면,수리·개인,14,14,128.122442347789,36.69392778079317
경북,문경시,마성면,숙박,28,28,128.1080645231904,36.664468629082684
경북,문경시,마성면,시설관리·임대,4,4,128.12419308787125,36.68939612859798
경북,문경시,마성면,예술·스포츠,5,5,128.1131600268056,36.68364997441882
경북,문경시,마성면,음식,60,60,128.11880514543844,36.67766034644067
경북,문경시,문경읍,과학·기술,14,14,128.11364863214044,36.75362985658317
경북,문경시,문경읍,교육,8,8,128.09662500154712,36.74142994723144
경북,문경시,문경읍,보건의료,4,4,128.109407771591,36.73415171687465
경북,문경시,문경읍,부동산,15,15,128.10778557852353,36.73340707479702
경북,문경시,문경읍,소매,150,150,128.10516742878065,36.742765115901456
경북,문경시,문경읍,수리·개인,43,43,128.10903955269498,36.73648595106371
경북,문경시,문경읍,숙박,95,95,128.11946846975064,36.74493043827091
경북,문경시,문경읍,시설관리·임대,12,12,128.10975076252882,36.736871762080966
경북,문경시,문경읍,예술·스포츠,11,11,128.1062153676632,36.74224934017269
경북,문경시,문경읍,음식,235,235,128.10251748769838,36.740859367679704
경북,문경시,산북면,과학·기술,4,4,128.25017809960548,36.67485362608775
경북,문경시,산북면,교육,3,3,128.28057204288902,36.68161759703377
경북,문경시,산북면,부동산,1,1,128.258290782617,36.6551225969112
경북,문경시,산북면,소매,13,13,128.25531504832816,36.684490557680775
경북,문경시,산북면,수리·개인,3,3,128.270256668331,36.66156318831053
경북,문경시,산북면,숙박,8,8,128.23738872749811,36.7185214697237
경북,문경시,산북면,시설관리·임대,2,2,128.248595316575,36.63714908794395
경북,문경시,산북면,예술·스포츠,2,2,128.269356243696,36.703327508482005
경북,문경시,산북면,음식,22,22,128.2510995401709,36.68706814754034
경북,문경시,산양면,과학·기술,13,13,128.249083005647,36.61205063681286
경북,문경시,산양면,교육,2,2,128.2360609830775,36.62498725250695
경북,문경시,산양면,소매,29,29,128.24931542881433,36.61589517088134
경북,문경시,산양면,수리·개인,4,4,128.2493233606155,36.6124645951432
경북,문경시,산양면,숙박,3,3,128.24624015851867,36.61128858588007
경북,문경시,산양면,시설관리·임대,4,4,128.248080090991,36.611786097847975
경북,문경시,산양면,음식,31,31,128.2487639901708,36.61348277750948
경북,문경시,영순면,과학·기술,1,1,128.236879508169,36.5854682194308
경북,문경시,영순면,교육,5,5,128.22844839156159,36.583606506083484
경북,문경시,영순면,소매,20,20,128.24534210346968,36.5794135358661
경북,문경시,영순면,수리·개인,3,3,128.233875983607,36.573923158613134
경북,문경시,영순면,숙박,1,1,128.282581293249,36.5707841313903
경북,문경시,영순면,시설관리·임대,3,3,128.235484066769,36.5652022246778
경북,문경시,영순면,예술·스포츠,2,2,128.24607278043902,36.5821734483267
경북,문경시,영순면,음식,15,15,128.241271937782,36.573745783887276
경북,문경시,점촌1동,과학·기술,32,32,128.19889069524615,36.597203006858564
경북,문경시,점촌1동,교육,10,10,128.1983242465082,36.5970012763724
경북,문경시,점촌1동,보건의료,7,7,128.20093878898115,36.59747139425963
경북,문경시,점촌1동,부동산,8,8,128.20045212263838,36.59713916026879
경북,문경시,점촌1동,소매,121,121,128.1994852411813,36.596975988431815
경북,문경시,점촌1동,수리·개인,76,76,128.19952294365598,36.59724638763432
경북,문경시,점촌1동,숙박,13,13,128.20260264596692,36.59679840188228
경북,문경시,점촌1동,시설관리·임대,20,20,128.19958947937056,36.59672905145503
경북,문경시,점촌1동,예술·스포츠,11,11,128.2004104773042,36.596870413013214
경북,문경시,점촌1동,음식,167,167,128.20010096786004,36.59684895413513
경북,문경시,점촌2동,과학·기술,29,29,128.1984746875971,36.59229554781804
경북,문경시,점촌2동,교육,15,15,128.19574037620401,36.590278734746455
경북,문경시,점촌2동,보건의료,6,6,128.20131332017618,36.59392513676875
경북,문경시,점촌2동,부동산,10,10,128.1983873704514,36.58989548216825
경북,문경시,점촌2동,소매,283,283,128.19886841417227,36.593307628646215
경북,문경시,점촌2동,수리·개인,104,104,128.19833248380002,36.59246565146207
경북,문경시,점촌2동,숙박,17,17,128.200468717174,36.59284667405269
경북,문경시,점촌2동,시설관리·임대,37,37,128.1984917884459,36.59234359894998
경북,문경시,점촌2동,예술·스포츠,12,12,128.19866275714284,36.59340528257453
경북,문경시,점촌2동,음식,252,252,128.19954214126045,36.59370243162196
경북,문경시,점촌3동,과학·기술,27,27,128.20338485637862,36.603214404976164
경북,문경시,점촌3동,교육,18,18,128.20438318540477,36.60309386231227
경북,문경시,점촌3동,보건의료,1,1,128.203736154386,36.6025317295345
경북,문경시,점촌3동,부동산,14,14,128.20421473184106,36.60383860413076
경북,문경시,점촌3동,소매,133,133,128.20389411074996,36.6030696725454
경북,문경시,점촌3동,수리·개인,70,70,128.20445375787375,36.60220766813684
경북,문경시,점촌3동,숙박,8,8,128.20303648088586,36.60183704413801
경북,문경시,점촌3동,시설관리·임대,29,29,128.20467091863418,36.602373746660255
경북,문경시,점촌3동,예술·스포츠,15,15,128.20430039128038,36.60139425397972
경북,문경시,점촌3동,음식,172,172,128.20466198755486,36.602466912086214
경북,문경시,점촌4동,과학·기술,4,4,128.180755987208,36.62295034249125
경북,문경시,점촌4동,교육,5,5,128.1536482191612,36.634590761465596
경북,문경시,점촌4동,부동산,3,3,128.169681953847,36.6295880506332
경북,문경시,점촌4동,소매,48,48,128.16638428814804,36.627031347185046
경북,문경시,점촌4동,수리·개인,17,17,128.16901216607553,36.62523945640592
경북,문경시,점촌4동,숙박,7,7,128.15150404836015,36.63906363690556
경북,문경시,점촌4동,시설관리·임대,3,3,128.17532228361065,36.63100117884523
경북,문경시,점촌4동,예술·스포츠,4,4,128.16330628544426,36.632093470117496
경북,문경시,점촌4동,음식,43,43,128.16419540312904,36.63381196128566
경북,문경시,점촌5동,과학·기술,88,88,128.18875314369194,36.58808581556285
경북,문경시,점촌5동,교육,62,62,128.18534003084073,36.587287438993215
경북,문경시,점촌5동,보건의료,5,5,128.1870892343218,36.58623397057834
경북,문경시,점촌5동,부동산,27,27,128.18884934672573,36.58822130271525
경북,문경시,점촌5동,소매,236,236,128.18715802693103,36.587361664366675
경북,문경시,점촌5동,수리·개인,141,141,128.18734819875004,36.587924583764384
경북,문경시,점촌5동,숙박,11,11,128.1888375805858,36.58610128362254
경북,문경시,점촌5동,시설관리·임대,21,21,128.18793696833222,36.588592505672466
경북,문경시,점촌5동,예술·스포츠,52,52,128.1863316677214,36.58655351932539
경북,문경시,점촌5동,음식,408,408,128.18660976712601,36.58678661973983
경북,문경시,호계면,과학·기술,3,3,128.189504473961,36.6499754554524
경북,문경시,호계면,교육,5,5,128.1810883289558,36.65080488161746
경북,문경시,호계면,부동산,1,1,128.201389224737,36.6407072353737
경북,문경시,호계면,소매,20,20,128.1910122455313,36.65081862106302
경북,문경시,호계면,수리·개인,3,3,128.19666247629365,36.6418989728708
경북,문경시,호계면,숙박,5,5,128.203876241059,36.62944530400156
경북,문경시,호계면,음식,23,23,128.1854455266277,36.64585141922084
경북,봉화군,명호면,과학·기술,1,1,128.856232247028,36.8057243520554
경북,봉화군,명호면,교육,2,2,128.8823350589785,36.831406016425404
경북,봉화군,명호면,소매,20,20,128.8950141191578,36.83578835609052
경북,봉화군,명호면,수리·개인,4,4,128.89651444282,36.85882674982805
경북,봉화군,명호면,숙박,26,26,128.89021761400383,36.81844097873514
경북,봉화군,명호면,예술·스포츠,17,17,128.8946696766783,36.82517699417822
경북,봉화군,명호면,음식,35,35,128.89138676373767,36.82756021475846
경북,봉화군,물야면,과학·기술,2,2,128.7407143859765,36.96717592454455
경북,봉화군,물야면,소매,20,20,128.73301538293236,36.96855364592447
경북,봉화군,물야면,수리·개인,3,3,128.73509811652767,36.976545162302735
경북,봉화군,물야면,숙박,7,7,128.71857482497313,36.99649087295206
경북,봉화군,물야면,시설관리·임대,1,1,128.745863491582,36.9724470591403
경북,봉화군,물야면,예술·스포츠,3,3,128.741495501167,36.9710806860276
경북,봉화군,물야면,음식,41,41,128.73856622565225,36.98518418766615
경북,봉화군,법전면,과학·기술,5,5,128.8916406092656,36.908480136129484
경북,봉화군,법전면,부동산,1,1,128.965698921068,36.8823750065354
경북,봉화군,법전면,소매,24,24,128.89256726178107,36.91117264090459
경북,봉화군,법전면,수리·개인,7,7,128.87211133216616,36.915331708529344
경북,봉화군,법전면,숙박,6,6,128.91300977455833,36.90578307163275
경북,봉화군,법전면,음식,15,15,128.88572550956192,36.911797893851784
경북,봉화군,봉성면,과학·기술,2,2,128.7793978221685,36.907984719455555
경북,봉화군,봉성면,소매,23,23,128.79756241120865,36.90969793832406
경북,봉화군,봉성면,수리·개인,3,3,128.79751178524768,36.901465812707805
경북,봉화군,봉성면,숙박,6,6,128.81645534875582,36.906967027595016
경북,봉화군,봉성면,시설관리·임대,3,3,128.78368385914834,36.89937749991633
경북,봉화군,봉성면,예술·스포츠,1,1,128.825371615783,36.9130217000388
경북,봉화군,봉성면,음식,40,40,128.81459662424558,36.90194941818593
경북,봉화군,봉화읍,과학·기술,58,58,128.7326332681966,36.892789455298896
경북,봉화군,봉화읍,교육,10,10,128.73649166989998,36.88950170158714
경북,봉화군,봉화읍,보건의료,3,3,128.73421895978632,36.891388682398166
경북,봉화군,봉화읍,부동산,17,17,128.7328606705712,36.891136034906424
경북,봉화군,봉화읍,소매,177,177,128.73568605498286,36.889646779242746
경북,봉화군,봉화읍,수리·개인,72,72,128.73602368864303,36.890065374722155
경북,봉화군,봉화읍,숙박,13,13,128.7258244798483,36.8861513787175
경북,봉화군,봉화읍,시설관리·임대,18,18,128.73899461480175,36.88946603393237
경북,봉화군,봉화읍,예술·스포츠,18,18,128.74025965489588,36.89088954632172
경북,봉화군,봉화읍,음식,228,228,128.73628510784644,36.88968884780636
경북,봉화군,상운면,과학·기술,2,2,128.75433308259102,36.832359394053
경북,봉화군,상운면,소매,11,11,128.76897986569335,36.83638867850951
경북,봉화군,상운면,수리·개인,2,2,128.7437682313735,36.827189629728
경북,봉화군,상운면,시설관리·임대,3,3,128.76342360304764,36.847349773195766
경북,봉화군,상운면,예술·스포츠,2,2,128.7616674531225,36.8465136353482
경북,봉화군,상운면,음식,8,8,128.75963473459262,36.839351381736826
경북,봉화군,석포면,과학·기술,1,1,129.088353097683,37.0009247426277
경북,봉화군,석포면,교육,1,1,129.064669440145,37.045547226225
경북,봉화군,석포면,소매,20,20,129.04398289348813,37.0511701204215
경북,봉화군,석포면,수리·개인,9,9,129.06423737956487,37.04550169059049
경북,봉화군,석포면,숙박,9,9,129.03298254084535,37.04074007249671
경북,봉화군,석포면,시설관리·임대,1,1,129.066041474205,37.0144777835986
경북,봉화군,석포면,예술·스포츠,4,4,129.064604012911,37.04707089453595
경북,봉화군,석포면,음식,38,38,129.06197165531105,37.045553476310026
경북,봉화군,소천면,과학·기술,3,3,129.02665175657933,36.89997573375117
경북,봉화군,소천면,교육,1,1,129.059812506034,36.8842759987885
경북,봉화군,소천면,부동산,1,1,129.005008199489,36.9029352463132
경북,봉화군,소천면,소매,30,30,129.03165913878797,36.9344268607493
경북,봉화군,소천면,수리·개인,4,4,129.021456746803,36.9273800527851
경북,봉화군,소천면,숙박,35,35,129.00621841883242,36.95645441690242
경북,봉화군,소천면,예술·스포츠,1,1,129.067467446733,36.8832510845629
경북,봉화군,소천면,음식,38,38,129.02990838627042,36.93760700957628
경북,봉화군,재산면,교육,3,3,128.98290324136266,36.79904310051017
경북,봉화군,재산면,소매,14,14,128.97141278411436,36.826251445894904
경북,봉화군,재산면,수리·개인,4,4,128.962662184584,36.81638967920455
경북,봉화군,재산면,숙박,2,2,128.9948003009585,36.86182122848335
경북,봉화군,재산면,시설관리·임대,2,2,128.9817397845515,36.7911813514007
경북,봉화군,재산면,예술·스포츠,1,1,128.99412026485,36.7991488699325
경북,봉화군,재산면,음식,25,25,128.97148897372628,36.81918131561747
경북,봉화군,춘양면,과학·기술,8,8,128.9046773329439,36.94335812477716
경북,봉화군,춘양면,교육,6,6,128.88927194563317,36.9637828101162
경북,봉화군,춘양면,보건의료,1,1,128.913147258588,36.9350739215993
경북,봉화군,춘양면,부동산,6,6,128.91412308961466,36.936918651188215
경북,봉화군,춘양면,소매,76,76,128.9028184568922,36.948145258678366
경북,봉화군,춘양면,수리·개인,34,34,128.90994912892316,36.939050330294364
경북,봉화군,춘양면,숙박,38,38,128.8641924659104,36.986683963775455
경북,봉화군,춘양면,시설관리·임대,7,7,128.89980324818515,36.94839948934544
경북,봉화군,춘양면,예술·스포츠,7,7,128.90538403528612,36.94832135136217
경북,봉화군,춘양면,음식,126,126,128.90535805104426,36.944961231871396
경북,상주시,계림동,과학·기술,10,10,128.1648705380428,36.42367886943161
경북,상주시,계림동,교육,30,30,128.16172927653713,36.42259281218807
경북,상주시,계림동,보건의료,1,1,128.159971878818,36.4208080023319
경북,상주시,계림동,부동산,6,6,128.15956373291866,36.42310229854917
경북,상주시,계림동,소매,95,95,128.16320483484503,36.424790730225936
경북,상주시,계림동,수리·개인,67,67,128.16281566632162,36.42362146295248
경북,상주시,계림동,숙박,1,1,128.158454269499,36.4229764027895
경북,상주시,계림동,시설관리·임대,13,13,128.16297018288876,36.42573137462353
경북,상주시,계림동,예술·스포츠,12,12,128.16162247205858,36.42645614686894
경북,상주시,계림동,음식,110,110,128.16249325973428,36.42371791818849
경북,상주시,공검면,과학·기술,1,1,128.106240896048,36.5111049067863
경북,상주시,공검면,교육,2,2,128.1268178960505,36.51974280425285
경북,상주시,공검면,소매,17,17,128.15622282664975,36.51272238325642
경북,상주시,공검면,수리·개인,6,6,128.15988676372982,36.511816280558655
경북,상주시,공검면,숙박,1,1,128.109099969864,36.5331013685516
경북,상주시,공검면,음식,19,19,128.16008599527564,36.51327055149877
경북,상주시,공성면,과학·기술,2,2,128.099067706891,36.28306048266106
경북,상주시,공성면,교육,1,1,128.094433273476,36.2855361890888
경북,상주시,공성면,부동산,1,1,128.094513568492,36.2857066708901
경북,상주시,공성면,소매,45,45,128.0901976141782,36.28247597758362
경북,상주시,공성면,수리·개인,17,17,128.09366001839624,36.28368787319462
경북,상주시,공성면,숙박,2,2,128.06338592481399,36.2815207575309
경북,상주시,공성면,시설관리·임대,5,5,128.0954107726222,36.27779716011304
경북,상주시,공성면,음식,80,80,128.09261645649653,36.284041349289005
경북,상주시,낙동면,과학·기술,2,2,128.21904407350752,36.36483668267755
경북,상주시,낙동면,교육,1,1,128.214176309694,36.3301123454201
경북,상주시,낙동면,보건의료,2,2,128.239564051266,36.4035989849552
경북,상주시,낙동면,부동산,4,4,128.2980687462105,36.363290337584196
경북,상주시,낙동면,소매,35,35,128.26029702997096,36.37214270200158
경북,상주시,낙동면,수리·개인,6,6,128.26915974024632,36.38580949233003
경북,상주시,낙동면,숙박,10,10,128.27997363046228,36.37634508822797
경북,상주시,낙동면,시설관리·임대,2,2,128.2581132704165,36.34921879669835
경북,상주시,낙동면,예술·스포츠,1,1,128.210108015303,36.3658830552621
경북,상주시,낙동면,음식,68,68,128.2795724960692,36.3662611166816
경북,상주시,남원동,과학·기술,116,116,128.15432661350457,36.41140609590196
경북,상주시,남원동,교육,42,42,128.15690154742978,36.41118462856958
경북,상주시,남원동,보건의료,12,12,128.15855436234492,36.41420306333066
경북,상주시,남원동,부동산,27,27,128.15417718250768,36.41259618928706
경북,상주시,남원동,소매,423,423,128.15757593676497,36.41339704798541
경북,상주시,남원동,수리·개인,166,166,128.15661692903592,36.412380195128
경북,상주시,남원동,숙박,1,1,128.158545531074,36.4141085382533
경북,상주시,남원동,시설관리·임대,30,30,128.15662798881905,36.4115014869431
경북,상주시,남원동,예술·스포츠,21,21,128.15670426935307,36.41245827659579
경북,상주시,남원동,음식,318,318,128.15669522695902,36.412370591955444
경북,상주시,내서면,과학·기술,2,2,128.04094091956398,36.421773758833595
경북,상주시,내서면,교육,1,1,128.013865628033,36.4398092086554
경북,상주시,내서면,보건의료,1,1,128.003129000561,36.4383409671047
경북,상주시,내서면,소매,17,17,128.04083024954616,36.41543274190239
경북,상주시,내서면,숙박,1,1,128.020431260065,36.4310393793826
경북,상주시,내서면,시설관리·임대,3,3,128.03852321174767,36.40141477329957
경북,상주시,내서면,음식,16,16,128.04724251461343,36.406666491431565
경북,상주시,동문동,과학·기술,35,35,128.16533802753153,36.41708723743756
경북,상주시,동문동,교육,29,29,128.16057190211612,36.4175425022316
경북,상주시,동문동,보건의료,4,4,128.18248817470976,36.42254631032865
경북,상주시,동문동,부동산,14,14,128.1641857882405,36.41776259174732
경북,상주시,동문동,소매,230,230,128.1662402665777,36.418020085687175
경북,상주시,동문동,수리·개인,128,128,128.1660629616739,36.417947834447126
경북,상주시,동문동,숙박,7,7,128.1860137187107,36.428639484750214
경북,상주시,동문동,시설관리·임대,29,29,128.16349948559923,36.41764198878201
경북,상주시,동문동,예술·스포츠,30,30,128.16640156031744,36.41878281789646
경북,상주시,동문동,음식,316,316,128.16415672971402,36.417970443959575
경북,상주시,동성동,과학·기술,5,5,128.16946443884,36.40141143939978
경북,상주시,동성동,교육,4,4,128.1653671373465,36.4145670150802
경북,상주시,동성동,부동산,1,1,128.166687251248,36.415804458752
경북,상주시,동성동,소매,45,45,128.16817981580695,36.41098137171113
경북,상주시,동성동,수리·개인,20,20,128.16603406459785,36.4138441048828
경북,상주시,동성동,숙박,2,2,128.166296821162,36.4157902508621
경북,상주시,동성동,시설관리·임대,7,7,128.16905408638144,36.41210841760214
경북,상주시,동성동,예술·스포츠,6,6,128.1692223280435,36.41448788561233
경북,상주시,동성동,음식,50,50,128.16793859207147,36.41136525060615
경북,상주시,모동면,과학·기술,3,3,127.97855909195432,36.296278658210866
경북,상주시,모동면,교육,1,1,127.960762298865,36.3197932328207
경북,상주시,모동면,부동산,1,1,127.960365073832,36.3191836448079
경북,상주시,모동면,소매,22,22,127.96572054924987,36.307487527657436
경북,상주시,모동면,수리·개인,7,7,127.96059714276244,36.32020522532933
경북,상주시,모동면,숙박,1,1,127.93793183414,36.2954182015046
경북,상주시,모동면,시설관리·임대,3,3,127.96073032254633,36.31960725184147
경북,상주시,모동면,예술·스포츠,3,3,127.96098055025134,36.320034787666664
경북,상주시,모동면,음식,38,38,127.96384064204746,36.31864013744128
경북,상주시,모서면,과학·기술,1,1,127.964739882902,36.3425511618182
경북,상주시,모서면,소매,18,18,127.94245512597328,36.33546840122151
경북,상주시,모서면,수리·개인,7,7,127.95996466266085,36.34204634102267
경북,상주시,모서면,숙박,1,1,127.901519092939,36.3341504970029
경북,상주시,모서면,시설관리·임대,6,6,127.95860451777583,36.345794476096465
경북,상주시,모서면,음식,19,19,127.94309061378257,36.339746976175924
경북,상주시,북문동,과학·기술,38,38,128.15358254876807,36.42492773854163
경북,상주시,북문동,교육,19,19,128.15482438742006,36.42501340834329
경북,상주시,북문동,보건의료,2,2,128.1523158340185,36.41956200127595
경북,상주시,북문동,부동산,13,13,128.15256409062323,36.42080417130643
경북,상주시,북문동,소매,149,149,128.1543480561977,36.42495863560147
경북,상주시,북문동,수리·개인,75,75,128.1559155747538,36.426980691968225
경북,상주시,북문동,숙박,21,21,128.15516431831728,36.42187369130098
경북,상주시,북문동,시설관리·임대,20,20,128.15572245364814,36.427328050864226
경북,상주시,북문동,예술·스포츠,37,37,128.15349171079174,36.42142945126081
경북,상주시,북문동,음식,282,282,128.1546740074044,36.423657144543576
경북,상주시,사벌국면,과학·기술,3,3,128.200623636834,36.487514687230934
경북,상주시,사벌국면,교육,4,4,128.210828482769,36.48631608466482
경북,상주시,사벌국면,소매,25,25,128.21974191109746,36.47027708036814
경북,상주시,사벌국면,수리·개인,8,8,128.21300028443338,36.46605803958575
경북,상주시,사벌국면,숙박,2,2,128.233607574585,36.50289516920955
경북,상주시,사벌국면,시설관리·임대,1,1,128.218456360158,36.4802480864715
경북,상주시,사벌국면,예술·스포츠,1,1,128.232208159481,36.4587057049231
경북,상주시,사벌국면,음식,37,37,128.22123779606127,36.47026726196154
경북,상주시,신흥동,과학·기술,17,17,128.15523339230282,36.392886809156884
경북,상주시,신흥동,교육,8,8,128.1533981443725,36.396401743510665
경북,상주시,신흥동,부동산,7,7,128.15340295281715,36.39079475377004
경북,상주시,신흥동,소매,51,51,128.1532228021385,36.39003464573521
경북,상주시,신흥동,수리·개인,26,26,128.15526497856047,36.39689488521931
경북,상주시,신흥동,숙박,1,1,128.162754210954,36.3456184788738
경북,상주시,신흥동,시설관리·임대,15,15,128.1569911822008,36.39433069392063
경북,상주시,신흥동,예술·스포츠,2,2,128.148018662839,36.3768137330711
경북,상주시,신흥동,음식,54,54,128.15352737772886,36.38639749981531
경북,상주시,외남면,과학·기술,1,1,128.116771907925,36.384589297066
경북,상주시,외남면,소매,9,9,128.09179036302578,36.355056753493386
경북,상주시,외남면,수리·개인,2,2,128.10185410129998,36.3651096469024
경북,상주시,외남면,음식,6,6,128.08968365095635,36.35714446551797
경북,상주시,외서면,과학·기술,6,6,128.09183401573517,36.486011371140215
경북,상주시,외서면,교육,2,2,128.0723719691385,36.47681941218335
경북,상주시,외서면,부동산,1,1,128.17218664044,36.5041853779345
경북,상주시,외서면,소매,10,10,128.0977130136095,36.4855034828249
경북,상주시,외서면,수리·개인,1,1,128.175449598394,36.4918802515372
경북,상주시,외서면,숙박,3,3,128.06357611281533,36.471086998476736
경북,상주시,외서면,시설관리·임대,1,1,128.164435034577,36.4695327015366
경북,상주시,외서면,예술·스포츠,4,4,128.16142502367674,36.48434099175595
경북,상주시,외서면,음식,10,10,128.1387949008903,36.48381890511322
경북,상주시,은척면,과학·기술,3,3,128.065915672486,36.561847800999935
경북,상주시,은척면,교육,1,1,128.069760694444,36.5313701864242
경북,상주시,은척면,보건의료,1,1,128.040140915317,36.5349302700686
경북,상주시,은척면,소매,14,14,128.06468235742807,36.53421483460983
경북,상주시,은척면,수리·개인,2,2,128.0674741900595,36.5364412553509
경북,상주시,은척면,숙박,2,2,128.01521487910549,36.53256277508545
경북,상주시,은척면,시설관리·임대,1,1,128.060646726964,36.5401653034914
경북,상주시,은척면,예술·스포츠,1,1,128.06939710809,36.5317248792563
경북,상주시,은척면,음식,22,22,128.0659693192135,36.53484552475345
경북,상주시,이안면,교육,2,2,128.1190912791465,36.5922277758244
경북,상주시,이안면,소매,12,12,128.14060644757726,36.571915238404785
경북,상주시,이안면,수리·개인,3,3,128.124015890093,36.5732482510023
경북,상주시,이안면,숙박,1,1,128.130504147315,36.5460744705088
경북,상주시,이안면,시설관리·임대,1,1,128.157932115922,36.5528037722513
경북,상주시,이안면,음식,3,3,128.14730854093332,36.55519188553637
경북,상주시,중동면,과학·기술,4,4,128.26929321364548,36.4129887004552
경북,상주시,중동면,교육,2,2,128.27332061446998,36.4439191313422
경북,상주시,중동면,소매,10,10,128.2825169054132,36.42878405773117
경북,상주시,중동면,수리·개인,4,4,128.28168046843376,36.422048291639
경북,상주시,중동면,숙박,4,4,128.27538057702077,36.4491431920637
경북,상주시,중동면,시설관리·임대,1,1,128.313533734204,36.4285706821991
경북,상주시,중동면,음식,8,8,128.27646643221925,36.42820309718511
경북,상주시,청리면,과학·기술,5,5,128.1331950324182,36.3365896878717
경북,상주시,청리면,교육,2,2,128.14024207079098,36.33466027261605
경북,상주시,청리면,소매,27,27,128.1253243500442,36.33766440345379
경북,상주시,청리면,수리·개인,9,9,128.12615523497132,36.34128591193997
경북,상주시,청리면,시설관리·임대,7,7,128.12640386701372,36.33409999273306
경북,상주시,청리면,음식,32,32,128.12926666495483,36.33921858154016
경북,상주시,함창읍,과학·기술,15,15,128.1804982107632,36.567080267851246
경북,상주시,함창읍,교육,7,7,128.17135796702843,36.5720329936146
경북,상주시,함창읍,보건의료,1,1,128.194178216311,36.5813352068011
경북,상주시,함창읍,부동산,4,4,128.18166857997926,36.570594983473754
경북,상주시,함창읍,소매,97,97,128.18006353796451,36.56892807564938
경북,상주시,함창읍,수리·개인,46,46,128.178987967419,36.56888394696136
경북,상주시,함창읍,숙박,4,4,128.17776612873251,36.5722056952384
경북,상주시,함창읍,시설관리·임대,12,12,128.17874647837377,36.568295938708665
경북,상주시,함창읍,예술·스포츠,9,9,128.1799525426751,36.56879342160275
경북,상주시,함창읍,음식,114,114,128.1781517904079,36.569548656544185
경북,상주시,화남면,교육,1,1,127.873336699921,36.3976022783008
경북,상주시,화남면,부동산,1,1,127.905432918592,36.447944048539
경북,상주시,화남면,소매,10,10,127.8991936621544,36.4498974536747
경북,상주시,화남면,숙박,2,2,127.92679498953049,36.4931428318178
경북,상주시,화남면,음식,11,11,127.89978253829109,36.46171399026604
경북,상주시,화동면,과학·기술,3,3,127.92875191737899,36.3854195476166
경북,상주시,화동면,소매,19,19,127.95154746266563,36.388429887922086
경북,상주시,화동면,수리·개인,6,6,127.950798500371,36.39099014496453
경북,상주시,화동면,숙박,4,4,127.934296409491,36.385739483028146
경북,상주시,화동면,시설관리·임대,1,1,127.968550065521,36.4333549258451
경북,상주시,화동면,음식,17,17,127.95347837402088,36.38798958705762
경북,상주시,화북면,과학·기술,1,1,127.820877633274,36.5993501571046
경북,상주시,화북면,부동산,4,4,127.8713619151165,36.58195498604415
경북,상주시,화북면,소매,26,26,127.8929708533902,36.578271935211475
경북,상주시,화북면,수리·개인,3,3,127.88533638769167,36.57191138526124
경북,상주시,화북면,숙박,29,29,127.90376601727372,36.571976999018545
경북,상주시,화북면,예술·스포츠,3,3,127.89175160764132,36.5820283486942
경북,상주시,화북면,음식,34,34,127.90555329195249,36.57090386879816
경북,상주시,화서면,과학·기술,5,5,127.95395711045822,36.44482534364294
경북,상주시,화서면,보건의료,1,1,127.949070095672,36.4436130564529
경북,상주시,화서면,부동산,5,5,127.9489384284016,36.44452240200348
경북,상주시,화서면,소매,35,35,127.95153118707314,36.44496620184957
경북,상주시,화서면,수리·개인,17,17,127.94903315852443,36.44457361400132
경북,상주시,화서면,숙박,6,6,127.96380652868216,36.471023539816784
경북,상주시,화서면,시설관리·임대,1,1,127.952135815514,36.4772547616617
경북,상주시,화서면,예술·스포츠,1,1,127.949236390887,36.4435306324515
경북,상주시,화서면,음식,80,80,127.95071327357778,36.44543022142068
경북,성주군,가천면,과학·기술,2,2,128.1483737313915,35.8712415032273
경북,성주군,가천면,교육,1,1,128.156013004324,35.8840466719328
경북,성주군,가천면,부동산,2,2,128.166205774555,35.88361460641235
경북,성주군,가천면,소매,30,30,128.15214185965107,35.876854472707855
경북,성주군,가천면,수리·개인,6,6,128.16596497585365,35.88468492017932
경북,성주군,가천면,숙박,45,45,128.1305423051358,35.86342656510817
경북,성주군,가천면,음식,61,61,128.15459145034094,35.87818163488128
경북,성주군,금수강산면,과학·기술,2,2,128.13016246851498,35.9378284708011
경북,성주군,금수강산면,교육,2,2,128.097932159979,35.92349141775955
경북,성주군,금수강산면,소매,17,17,128.1303994181054,35.920062692183315
경북,성주군,금수강산면,숙박,23,23,128.09588192292196,35.92048486095749
경북,성주군,금수강산면,예술·스포츠,2,2,128.1569499925235,35.9137211306736
경북,성주군,금수강산면,음식,32,32,128.1334197537663,35.92578765357382
경북,성주군,대가면,과학·기술,4,4,128.22182210417952,35.89174460384167
경북,성주군,대가면,교육,2,2,128.206899103232,35.89962590938415
경북,성주군,대가면,부동산,1,1,128.22996168411,35.910311586317
경북,성주군,대가면,소매,20,20,128.2234734498301,35.906162898909585
경북,성주군,대가면,수리·개인,4,4,128.2157700746995,35.907372816429046
경북,성주군,대가면,숙박,5,5,128.2228797774854,35.90295372632866
경북,성주군,대가면,시설관리·임대,3,3,128.23128637864735,35.90762445128831
경북,성주군,대가면,음식,22,22,128.22423338728697,35.90770684517147
경북,성주군,벽진면,과학·기술,1,1,128.209174629962,35.9536081986416
경북,성주군,벽진면,교육,1,1,128.190439859139,35.9326988551164
경북,성주군,벽진면,보건의료,1,1,128.217215472825,35.9474439608673
경북,성주군,벽진면,소매,9,9,128.2068352633019,35.96437797067708
경북,성주군,벽진면,수리·개인,5,5,128.21212414633,35.94491944707812
경북,성주군,벽진면,숙박,6,6,128.2009324035455,35.947824315806365
경북,성주군,벽진면,시설관리·임대,2,2,128.2165048280075,35.94880291888355
경북,성주군,벽진면,예술·스포츠,3,3,128.21752050433534,35.94830299281893
경북,성주군,벽진면,음식,48,48,128.21707823800102,35.94764743270863
경북,성주군,선남면,과학·기술,25,25,128.3582965346893,35.890164536540695
경북,성주군,선남면,교육,3,3,128.34760300015634,35.91068543484314
경북,성주군,선남면,보건의료,1,1,128.355041872176,35.8806502897642
경북,성주군,선남면,부동산,19,19,128.36427551893144,35.888839401829884
경북,성주군,선남면,소매,92,92,128.36113170711656,35.894319858223774
경북,성주군,선남면,수리·개인,21,21,128.36503461722486,35.89526152864024
경북,성주군,선남면,숙박,12,12,128.35056061134384,35.90031665367712
경북,성주군,선남면,시설관리·임대,12,12,128.3592681752511,35.89002054688055
경북,성주군,선남면,예술·스포츠,9,9,128.36258539999912,35.89358956018709
경북,성주군,선남면,음식,105,105,128.3623838695998,35.89239314034828
경북,성주군,성주읍,과학·기술,87,87,128.28562677766584,35.91977754978152
경북,성주군,성주읍,교육,25,25,128.28654287719388,35.91844301454348
경북,성주군,성주읍,보건의료,10,10,128.2901126602087,35.92024101389673
경북,성주군,성주읍,부동산,35,35,128.2872928280623,35.92115669315936
경북,성주군,성주읍,소매,314,314,128.2859377457888,35.92018874238402
경북,성주군,성주읍,수리·개인,136,136,128.28592229521672,35.92015172689934
경북,성주군,성주읍,숙박,13,13,128.28578948565692,35.92214714050402
경북,성주군,성주읍,시설관리·임대,46,46,128.28617876658146,35.92292159048617
경북,성주군,성주읍,예술·스포츠,34,34,128.28565321522524,35.920113240223245
경북,성주군,성주읍,음식,395,395,128.2864148317113,35.92001278804923
경북,성주군,수륜면,과학·기술,3,3,128.21080047549165,35.83759591207227
경북,성주군,수륜면,교육,5,5,128.1740316604072,35.818315884971916
경북,성주군,수륜면,소매,20,20,128.19728715022995,35.825404416715344
경북,성주군,수륜면,수리·개인,5,5,128.2086157339114,35.815608850578954
경북,성주군,수륜면,숙박,32,32,128.15957168370235,35.81063070581706
경북,성주군,수륜면,시설관리·임대,5,5,128.1982632759852,35.83257320234714
경북,성주군,수륜면,예술·스포츠,1,1,128.201500182981,35.8756607474583
경북,성주군,수륜면,음식,58,58,128.16815821407477,35.81593561430497
경북,성주군,용암면,과학·기술,7,7,128.33300074293214,35.83584424400937
경북,성주군,용암면,교육,1,1,128.23477726972,35.8701684686361
경북,성주군,용암면,부동산,3,3,128.33712945365866,35.83652213944857
경북,성주군,용암면,소매,35,35,128.33860396067533,35.850878984839014
경북,성주군,용암면,수리·개인,4,4,128.33836601498976,35.83625557531528
경북,성주군,용암면,숙박,2,2,128.2601331781135,35.8565567835061
경북,성주군,용암면,시설관리·임대,4,4,128.3386622576305,35.82721815331958
경북,성주군,용암면,예술·스포츠,2,2,128.3362946657545,35.836459327934
경북,성주군,용암면,음식,32,32,128.3400858289583,35.838403220149814
경북,성주군,월항면,과학·기술,4,4,128.324009965472,35.948139815945176
경북,성주군,월항면,교육,3,3,128.27884692463667,35.972669566845404
경북,성주군,월항면,부동산,2,2,128.314051729473,35.944480716114995
경북,성주군,월항면,소매,27,27,128.3072182321747,35.9591771274204
경북,성주군,월항면,수리·개인,6,6,128.31970600695266,35.95155131530612
경북,성주군,월항면,숙박,2,2,128.312694630741,35.963613782674344
경북,성주군,월항면,시설관리·임대,7,7,128.2966147852937,35.96222673801477
경북,성주군,월항면,예술·스포츠,3,3,128.32659532380902,35.9342331069751
경북,성주군,월항면,음식,44,44,128.310816782765,35.953614375697946
경북,성주군,초전면,과학·기술,7,7,128.2583724775243,35.97482671936812
경북,성주군,초전면,부동산,1,1,128.264181529876,35.9730022652581
경북,성주군,초전면,소매,41,41,128.26320463158925,35.98364910977825
경북,성주군,초전면,수리·개인,24,24,128.26014775279646,35.970590112884274
경북,성주군,초전면,숙박,5,5,128.2533819457272,35.9984718841968
경북,성주군,초전면,시설관리·임대,6,6,128.26734370694416,35.982723708106334
경북,성주군,초전면,예술·스포츠,5,5,128.256220059956,35.978696269346564
경북,성주군,초전면,음식,125,125,128.2641587653434,35.973781365567376
경북,안동시,강남동,과학·기술,58,58,128.73015492843214,36.549795291853215
경북,안동시,강남동,교육,46,46,128.73159517483896,36.54853881347183
경북,안동시,강남동,보건의료,3,3,128.72429154997667,36.54996313095007
경북,안동시,강남동,부동산,7,7,128.73421400942172,36.54993016881082
경북,안동시,강남동,소매,128,128,128.7243449208257,36.5480334631542
경북,안동시,강남동,수리·개인,103,103,128.7222314869481,36.54957948626162
경북,안동시,강남동,숙박,25,25,128.73312201634116,36.547862392514446
경북,안동시,강남동,시설관리·임대,25,25,128.7243831172954,36.54866188844515
경북,안동시,강남동,예술·스포츠,26,26,128.7310602251813,36.54967227639849
경북,안동시,강남동,음식,227,227,128.73139462758334,36.54919371220634
경북,안동시,길안면,과학·기술,2,2,128.92916796559751,36.438025167057845
경북,안동시,길안면,부동산,3,3,128.90272455320465,36.42820336766263
경북,안동시,길안면,소매,18,18,128.89578696930022,36.441839563170944
경북,안동시,길안면,수리·개인,12,12,128.89745436725136,36.42801203423648
경북,안동시,길안면,숙박,6,6,128.90488115144868,36.428669381677146
경북,안동시,길안면,시설관리·임대,1,1,128.954647407428,36.4013685207918
경북,안동시,길안면,예술·스포츠,4,4,128.892692178507,36.457338187250876
경북,안동시,길안면,음식,61,61,128.8948913945951,36.455206100108455
경북,안동시,남선면,과학·기술,4,4,128.76861200318027,36.5256201180966
경북,안동시,남선면,교육,2,2,128.7089674305675,36.518007417858556
경북,안동시,남선면,소매,22,22,128.75972612174255,36.52668040218619
경북,안동시,남선면,수리·개인,3,3,128.74238470331068,36.508688662896866
경북,안동시,남선면,숙박,1,1,128.767862100121,36.527046698411
경북,안동시,남선면,시설관리·임대,5,5,128.72239974489,36.516331197643936
경북,안동시,남선면,예술·스포츠,3,3,128.77006743876333,36.52711064541427
경북,안동시,남선면,음식,17,17,128.771955342409,36.52552177458232
경북,안동시,남후면,과학·기술,2,2,128.630033278832,36.52935868406455
경북,안동시,남후면,교육,2,2,128.643118058497,36.5397677854757
경북,안동시,남후면,보건의료,2,2,128.683397081492,36.52179046896145
경북,안동시,남후면,소매,28,28,128.6634394127466,36.52438675283478
경북,안동시,남후면,수리·개인,3,3,128.65187232590998,36.5125951493838
경북,안동시,남후면,숙박,5,5,128.6718761475704,36.51355406230856
경북,안동시,남후면,시설관리·임대,4,4,128.67910778623425,36.518818789677326
경북,안동시,남후면,예술·스포츠,5,5,128.66016469004222,36.515668088297
경북,안동시,남후면,음식,17,17,128.6804267283566,36.51619597529855
경북,안동시,녹전면,소매,10,10,128.76275411275668,36.73878674608768
경북,안동시,녹전면,숙박,1,1,128.780478924603,36.7815201009109
경북,안동시,녹전면,음식,8,8,128.7699020895505,36.7480455713777
경북,안동시,도산면,과학·기술,2,2,128.812053497258,36.698642889716496
경북,안동시,도산면,교육,4,4,128.86553452900299,36.75105830190967
경북,안동시,도산면,소매,36,36,128.83097845951113,36.72020786713874
경북,안동시,도산면,수리·개인,3,3,128.82145189939368,36.73249808702024
경북,안동시,도산면,숙박,17,17,128.85649293465522,36.751912719449145
경북,안동시,도산면,시설관리·임대,3,3,128.822162397707,36.7244314714171
경북,안동시,도산면,예술·스포츠,10,10,128.8532978096825,36.75681393771972
경북,안동시,도산면,음식,36,36,128.82465820051772,36.72264835740404
경북,안동시,명륜동,과학·기술,31,31,128.7325264507793,36.57322050467481
경북,안동시,명륜동,교육,7,7,128.74027343382485,36.583167274340056
경북,안동시,명륜동,부동산,3,3,128.73195511881866,36.571778197309534
경북,안동시,명륜동,소매,58,58,128.73397830594388,36.57730672223711
경북,안동시,명륜동,수리·개인,43,43,128.73465247948576,36.57619878416236
경북,안동시,명륜동,숙박,9,9,128.73558714950457,36.58159240210402
경북,안동시,명륜동,시설관리·임대,16,16,128.7321384921203,36.57809559847976
경북,안동시,명륜동,예술·스포츠,14,14,128.73134152840808,36.57977318304902
경북,안동시,명륜동,음식,71,71,128.73456819350676,36.57597814412362
경북,안동시,북후면,과학·기술,5,5,128.675541044335,36.67247252058562
경북,안동시,북후면,교육,2,2,128.694170674624,36.689091012949504
경북,안동시,북후면,소매,25,25,128.70215583072263,36.675861092802734
경북,안동시,북후면,수리·개인,8,8,128.70231954063237,36.676158506896854
경북,안동시,북후면,숙박,5,5,128.7048870262594,36.66661185888602
경북,안동시,북후면,시설관리·임대,3,3,128.70232950450733,36.68572493389533
경북,안동시,북후면,예술·스포츠,1,1,128.702276563904,36.6701291089026
경북,안동시,북후면,음식,45,45,128.69776968591952,36.67723314858842
경북,안동시,서구동,과학·기술,55,55,128.72192854174978,36.56597371748263
경북,안동시,서구동,교육,38,38,128.72161094576347,36.56632483052612
경북,안동시,서구동,보건의료,12,12,128.7235284942446,36.5648588041926
경북,안동시,서구동,부동산,16,16,128.721525837888,36.56489955633338
경북,안동시,서구동,소매,391,391,128.72291118539073,36.56504370405151
경북,안동시,서구동,수리·개인,100,100,128.72260462045335,36.56505280906044
경북,안동시,서구동,숙박,25,25,128.72328593534465,36.566322515039985
경북,안동시,서구동,시설관리·임대,25,25,128.72209977963252,36.56590463137935
경북,안동시,서구동,예술·스포츠,18,18,128.72122880468578,36.565040695183
경북,안동시,서구동,음식,328,328,128.7222373792882,36.564875537130476
경북,안동시,서후면,과학·기술,6,6,128.68491329323567,36.621340052288666
경북,안동시,서후면,교육,6,6,128.67460975269466,36.613140765518146
경북,안동시,서후면,보건의료,1,1,128.696227169355,36.6538979856126
경북,안동시,서후면,소매,40,40,128.66608968528698,36.61401662938266
경북,안동시,서후면,수리·개인,6,6,128.67576536316034,36.61906513891085
경북,안동시,서후면,숙박,14,14,128.6626776840385,36.61937393118417
경북,안동시,서후면,시설관리·임대,9,9,128.65891663206045,36.60761790770109
경북,안동시,서후면,예술·스포츠,4,4,128.6668791523185,36.60161164429005
경북,안동시,서후면,음식,45,45,128.65989578430597,36.61197234886893
경북,안동시,송하동,과학·기술,35,35,128.69583163169528,36.576599870208284
경북,안동시,송하동,교육,29,29,128.69438888666502,36.572990153132935
경북,안동시,송하동,보건의료,5,5,128.69735385675523,36.57209940304668
경북,안동시,송하동,부동산,10,10,128.69557984653642,36.5719957433881
경북,안동시,송하동,소매,132,132,128.6925539554812,36.5729219690759
경북,안동시,송하동,수리·개인,79,79,128.69380577071945,36.572443688381696
경북,안동시,송하동,숙박,3,3,128.67985635347367,36.57716722797664
경북,안동시,송하동,시설관리·임대,20,20,128.6913702147504,36.57419931688241
경북,안동시,송하동,예술·스포츠,20,20,128.6957514540609,36.57365788870528
경북,안동시,송하동,음식,151,151,128.6927256702053,36.573817442889975
경북,안동시,안기동,과학·기술,21,21,128.71737599055254,36.577580684131476
경북,안동시,안기동,교육,5,5,128.71845695812522,36.57247276040786
경북,안동시,안기동,보건의료,1,1,128.717110744535,36.5775613529149
경북,안동시,안기동,부동산,1,1,128.718743487436,36.5715910291299
경북,안동시,안기동,소매,71,71,128.71647115265944,36.58122450422147
경북,안동시,안기동,수리·개인,47,47,128.71772819588244,36.57495669552919
경북,안동시,안기동,숙박,4,4,128.715659775634,36.59037681706488
경북,안동시,안기동,시설관리·임대,18,18,128.71722050508862,36.578009772413424
경북,안동시,안기동,예술·스포츠,7,7,128.7182881941316,36.576900777827824
경북,안동시,안기동,음식,48,48,128.71702355267306,36.57851465539142
경북,안동시,예안면,소매,9,9,128.88523550652468,36.66686416124371
경북,안동시,예안면,수리·개인,4,4,128.88546983828348,36.66088626482215
경북,안동시,예안면,숙박,2,2,128.84555514046002,36.68422123927055
경북,안동시,예안면,시설관리·임대,1,1,128.885634202023,36.6621225267149
경북,안동시,예안면,음식,9,9,128.88143003216467,36.66108320968333
경북,안동시,옥동,과학·기술,43,43,128.69895094557526,36.563505825975554
경북,안동시,옥동,교육,67,67,128.6985359609214,36.5628825889155
경북,안동시,옥동,보건의료,14,14,128.70009951278615,36.56306755213216
경북,안동시,옥동,부동산,19,19,128.6995373450762,36.56339717515521
경북,안동시,옥동,소매,263,263,128.69894258563178,36.563392272773264
경북,안동시,옥동,수리·개인,174,174,128.69917951295298,36.56336166063884
경북,안동시,옥동,숙박,17,17,128.7013674532633,36.56267732116945
경북,안동시,옥동,시설관리·임대,17,17,128.69982301377613,36.5638902968526
경북,안동시,옥동,예술·스포츠,84,84,128.70035375323394,36.563527844572285
경북,안동시,옥동,음식,555,555,128.700129196886,36.562910025369874
경북,안동시,와룡면,과학·기술,6,6,128.76792630288548,36.633299035634515
경북,안동시,와룡면,교육,9,9,128.77068521183367,36.631336723883436
경북,안동시,와룡면,부동산,2,2,128.75422126035602,36.61475031123725
경북,안동시,와룡면,소매,35,35,128.7652288955914,36.62712645251056
경북,안동시,와룡면,수리·개인,6,6,128.7706030426885,36.63684178438538
경북,안동시,와룡면,숙박,24,24,128.78184477091193,36.61670844248026
경북,안동시,와룡면,시설관리·임대,8,8,128.7505756313445,36.62033464992501
경북,안동시,와룡면,예술·스포츠,6,6,128.76079121686118,36.63109254441853
경북,안동시,와룡면,음식,31,31,128.77150474379314,36.610135357273826
경북,안동시,용상동,과학·기술,73,73,128.76139429499156,36.55438398547741
경북,안동시,용상동,교육,67,67,128.75894990866286,36.55615850033046
경북,안동시,용상동,보건의료,6,6,128.75732375387784,36.5562177179627
경북,안동시,용상동,부동산,22,22,128.7607128739718,36.55455802217257
경북,안동시,용상동,소매,240,240,128.75778787805143,36.556391721859285
경북,안동시,용상동,수리·개인,156,156,128.75661502552364,36.55574742724166
경북,안동시,용상동,숙박,25,25,128.75994272412095,36.55932551490654
경북,안동시,용상동,시설관리·임대,61,61,128.75655552554971,36.557727768466435
경북,안동시,용상동,예술·스포츠,55,55,128.76762772822215,36.55352403930303
경북,안동시,용상동,음식,409,409,128.7610384447826,36.555600455768335
경북,안동시,일직면,과학·기술,2,2,128.662065925454,36.4670989059526
경북,안동시,일직면,교육,2,2,128.670504729196,36.4636786751849
경북,안동시,일직면,부동산,2,2,128.6603522610445,36.4748718317603
경북,안동시,일직면,소매,32,32,128.65462638751447,36.47638883626235
경북,안동시,일직면,수리·개인,8,8,128.6609526683705,36.480901591550804
경북,안동시,일직면,숙박,8,8,128.64854616825863,36.477798353915524
경북,안동시,일직면,시설관리·임대,6,6,128.65176565929585,36.47947508205092
경북,안동시,일직면,예술·스포츠,2,2,128.66188708332902,36.465772362917605
경북,안동시,일직면,음식,33,33,128.6522907839412,36.475367475737485
경북,안동시,임동면,과학·기술,1,1,128.883069171742,36.5530429889973
경북,안동시,임동면,교육,2,2,128.9195353993085,36.56156138132345
경북,안동시,임동면,소매,15,15,128.9318401497674,36.56713389178758
경북,안동시,임동면,수리·개인,3,3,128.91929836624197,36.56754188981127
경북,안동시,임동면,숙박,11,11,128.92713279392035,36.5715198354397
경북,안동시,임동면,시설관리·임대,3,3,128.928896061989,36.548230867793166
경북,안동시,임동면,음식,9,9,128.925172467647,36.56377762037323
경북,안동시,임하면,과학·기술,6,6,128.854588019398,36.52095821997423
경북,안동시,임하면,교육,3,3,128.84139759736766,36.51382915586093
경북,안동시,임하면,보건의료,1,1,128.840688482828,36.4871197187934
경북,안동시,임하면,소매,30,30,128.84620871589271,36.511751918931466
경북,안동시,임하면,수리·개인,4,4,128.8425592582795,36.511426508519726
경북,안동시,임하면,숙박,14,14,128.85391252109207,36.51281318668746
경북,안동시,임하면,시설관리·임대,3,3,128.841760962188,36.51269418447157
경북,안동시,임하면,음식,12,12,128.84396632693574,36.51937521042358
경북,안동시,중구동,과학·기술,113,113,128.73267542426132,36.565529624193694
경북,안동시,중구동,교육,30,30,128.7339695057902,36.56545956171923
경북,안동시,중구동,보건의료,10,10,128.73073600484298,36.56577341889578
경북,안동시,중구동,부동산,7,7,128.73224053606256,36.565650901398115
경북,안동시,중구동,소매,545,545,128.73082058072058,36.565264912633666
경북,안동시,중구동,수리·개인,137,137,128.7310233700784,36.56508996412033
경북,안동시,중구동,숙박,70,70,128.7345712432091,36.56545424798217
경북,안동시,중구동,시설관리·임대,55,55,128.7322851049112,36.56501613656013
경북,안동시,중구동,예술·스포츠,31,31,128.73360524477178,36.56499721718872
경북,안동시,중구동,음식,405,405,128.73216764650553,36.56554126794223
경북,안동시,태화동,과학·기술,76,76,128.71091577853954,36.56487899436043
경북,안동시,태화동,교육,29,29,128.71095595976058,36.56282631916142
경북,안동시,태화동,보건의료,2,2,128.70847548980248,36.56718393609195
경북,안동시,태화동,부동산,18,18,128.7091694435327,36.56432267087706
경북,안동시,태화동,소매,179,179,128.71112871168893,36.564163348743186
경북,안동시,태화동,수리·개인,142,142,128.71019536439894,36.56439045345002
경북,안동시,태화동,숙박,46,46,128.71351905785673,36.56310683705943
경북,안동시,태화동,시설관리·임대,52,52,128.71218783172475,36.56336328928438
경북,안동시,태화동,예술·스포츠,22,22,128.71043387604743,36.56415128221759
경북,안동시,태화동,음식,279,279,128.71236111634616,36.56428601498253
경북,안동시,평화동,과학·기술,26,26,128.71460484956307,36.5692836813434
경북,안동시,평화동,교육,13,13,128.7173528308486,36.56913114922178
경북,안동시,평화동,보건의료,1,1,128.718219802362,36.5701389131701
경북,안동시,평화동,부동산,7,7,128.71485265209458,36.568331275820825
경북,안동시,평화동,소매,53,53,128.71379129043513,36.56951225039812
경북,안동시,평화동,수리·개인,40,40,128.71394409068782,36.56895365659107
경북,안동시,평화동,숙박,5,5,128.7121093802032,36.57145038963816
경북,안동시,평화동,시설관리·임대,14,14,128.71333372733423,36.56946393501169
경북,안동시,평화동,예술·스포츠,5,5,128.71061145629977,36.57119621488318
경북,안동시,평화동,음식,57,57,128.7144802238571,36.57026276747
경북,안동시,풍산읍,과학·기술,36,36,128.57817867711475,36.58640484361942
경북,안동시,풍산읍,교육,9,9,128.58750793183833,36.57871430257765
경북,안동시,풍산읍,보건의료,2,2,128.6676895516085,36.579979651011044
경북,안동시,풍산읍,부동산,8,8,128.56632878409948,36.5825447542387
경북,안동시,풍산읍,소매,124,124,128.58631377779534,36.583622559913955
경북,안동시,풍산읍,수리·개인,46,46,128.5893081515455,36.58422615320028
경북,안동시,풍산읍,숙박,29,29,128.5933372780857,36.57760998339684
경북,안동시,풍산읍,시설관리·임대,22,22,128.58534244878362,36.58590446854734
경북,안동시,풍산읍,예술·스포츠,8,8,128.56798084906563,36.58178357381449
경북,안동시,풍산읍,음식,162,162,128.57671729489567,36.580356581609536
경북,안동시,풍천면,과학·기술,44,44,128.5025872919405,36.57260445366693
경북,안동시,풍천면,교육,34,34,128.4994747688816,36.57355680977188
경북,안동시,풍천면,보건의료,1,1,128.493542487242,36.57638292167
경북,안동시,풍천면,부동산,22,22,128.50039425397074,36.56904344839844
경북,안동시,풍천면,소매,107,107,128.50074943460257,36.564847088806744
경북,안동시,풍천면,수리·개인,53,53,128.4980299086645,36.57282572519377
경북,안동시,풍천면,숙박,52,52,128.5118974817039,36.545521657817964
경북,안동시,풍천면,시설관리·임대,33,33,128.50400986797882,36.5683365291855
경북,안동시,풍천면,예술·스포츠,29,29,128.49614356438835,36.57067399461067
경북,안동시,풍천면,음식,239,239,128.49658107914848,36.56561825609651
경북,영덕군,강구면,과학·기술,13,13,129.37743038602068,36.36245598611302
경북,영덕군,강구면,교육,6,6,129.38213128542802,36.35748480848937
경북,영덕군,강구면,보건의료,3,3,129.38006958935568,36.359523125344765
경북,영덕군,강구면,부동산,6,6,129.37915424744548,36.359775599498995
경북,영덕군,강구면,소매,157,157,129.3858967197309,36.3605422826999
경북,영덕군,강구면,수리·개인,53,53,129.38046148072775,36.35863999965244
경북,영덕군,강구면,숙박,92,92,129.39478200512954,36.36678195107874
경북,영덕군,강구면,시설관리·임대,8,8,129.37831564695225,36.365395326496376
경북,영덕군,강구면,예술·스포츠,21,21,129.38325559532677,36.361430023651046
경북,영덕군,강구면,음식,334,334,129.38614514824525,36.35953970417088
경북,영덕군,남정면,과학·기술,2,2,129.375817123811,36.29068349281225
경북,영덕군,남정면,교육,4,4,129.3700905980205,36.2966666046194
경북,영덕군,남정면,부동산,1,1,129.373692269828,36.2822702588677
경북,영덕군,남정면,소매,48,48,129.3733251554551,36.297520093700285
경북,영덕군,남정면,수리·개인,6,6,129.37250300397017,36.283164741137284
경북,영덕군,남정면,숙박,72,72,129.37665809569998,36.29590459359892
경북,영덕군,남정면,시설관리·임대,4,4,129.34774848128524,36.30062506079745
경북,영덕군,남정면,예술·스포츠,3,3,129.36425220417468,36.282564713140836
경북,영덕군,남정면,음식,62,62,129.37389461775703,36.290910415906886
경북,영덕군,달산면,교육,2,2,129.264019099144,36.3330282292388
경북,영덕군,달산면,소매,11,11,129.28357005342818,36.362034725514214
경북,영덕군,달산면,수리·개인,2,2,129.30371991265298,36.398300602987604
경북,영덕군,달산면,숙박,11,11,129.27734043284772,36.348672924839555
경북,영덕군,달산면,예술·스포츠,1,1,129.290538630716,36.3775123308288
경북,영덕군,달산면,음식,4,4,129.293023956583,36.384900715823974
경북,영덕군,병곡면,과학·기술,4,4,129.41075791020774,36.607707786586275
경북,영덕군,병곡면,교육,4,4,129.395218069361,36.63012865935765
경북,영덕군,병곡면,부동산,3,3,129.40753337894833,36.60133066576743
경북,영덕군,병곡면,소매,31,31,129.41115158968606,36.605499754834824
경북,영덕군,병곡면,수리·개인,6,6,129.40372414190716,36.591618956464316
경북,영덕군,병곡면,숙박,58,58,129.41015460056877,36.606877939847955
경북,영덕군,병곡면,시설관리·임대,2,2,129.4136470702155,36.57764194701976
경북,영덕군,병곡면,예술·스포츠,3,3,129.410351694323,36.598781259718095
경북,영덕군,병곡면,음식,31,31,129.41130883536235,36.60474568509719
경북,영덕군,영덕읍,과학·기술,73,73,129.37322412822843,36.41480473026535
경북,영덕군,영덕읍,교육,25,25,129.373517774185,36.412838931150254
경북,영덕군,영덕읍,보건의료,6,6,129.37079762686002,36.40920851390005
경북,영덕군,영덕읍,부동산,20,20,129.37405661740624,36.41171256349492
경북,영덕군,영덕읍,소매,232,232,129.3760111423505,36.41333144157036
경북,영덕군,영덕읍,수리·개인,138,138,129.37267043650044,36.41299201037644
경북,영덕군,영덕읍,숙박,58,58,129.41775131720817,36.42559196534848
경북,영덕군,영덕읍,시설관리·임대,38,38,129.3770961909988,36.414467281957016
경북,영덕군,영덕읍,예술·스포츠,31,31,129.37613441679363,36.4119122138594
경북,영덕군,영덕읍,음식,329,329,129.3740675777607,36.411952277445295
경북,영덕군,영해면,과학·기술,21,21,129.40824099657806,36.5394290695453
경북,영덕군,영해면,교육,6,6,129.38684711006883,36.53600441068777
경북,영덕군,영해면,보건의료,4,4,129.40554211328,36.53534587934788
경북,영덕군,영해면,부동산,6,6,129.40621509146533,36.542143233528286
경북,영덕군,영해면,소매,195,195,129.40921520542312,36.54001539241365
경북,영덕군,영해면,수리·개인,70,70,129.40743968138838,36.53913629776482
경북,영덕군,영해면,숙박,23,23,129.41232031919378,36.540439268079396
경북,영덕군,영해면,시설관리·임대,13,13,129.40837911240732,36.53862124888299
경북,영덕군,영해면,예술·스포츠,16,16,129.3961051356505,36.537989577519504
경북,영덕군,영해면,음식,234,234,129.40809563895368,36.54017680472592
경북,영덕군,지품면,과학·기술,1,1,129.324830482849,36.4260595528529
경북,영덕군,지품면,교육,2,2,129.30444014246,36.4384177382558
경북,영덕군,지품면,소매,19,19,129.2743064293094,36.45062845266475
경북,영덕군,지품면,수리·개인,2,2,129.2807054256985,36.4651204814248
경북,영덕군,지품면,숙박,2,2,129.2784962558305,36.4469948982618
경북,영덕군,지품면,예술·스포츠,2,2,129.324225640302,36.4326933067956
경북,영덕군,지품면,음식,9,9,129.2847484411481,36.44344647464684
경북,영덕군,창수면,교육,1,1,129.348135078013,36.5481306745041
경북,영덕군,창수면,소매,6,6,129.32636108970917,36.575010457420014
경북,영덕군,창수면,숙박,3,3,129.314632550379,36.573930586178534
경북,영덕군,창수면,시설관리·임대,1,1,129.362281227363,36.5491935014688
경북,영덕군,창수면,예술·스포츠,3,3,129.37140542915367,36.552772124736
경북,영덕군,창수면,음식,8,8,129.31597857849226,36.5668265176243
경북,영덕군,축산면,과학·기술,4,4,129.397075230513,36.497746580183126
경북,영덕군,축산면,교육,2,2,129.41489532110552,36.504864298749794
경북,영덕군,축산면,부동산,2,2,129.42641330193152,36.49119077186115
경북,영덕군,축산면,소매,53,53,129.43753385160178,36.50042688019329
경북,영덕군,축산면,수리·개인,15,15,129.44071675701753,36.505991178021006
경북,영덕군,축산면,숙박,17,17,129.43594143522589,36.4979441202913
경북,영덕군,축산면,시설관리·임대,3,3,129.445042020067,36.508730971944495
경북,영덕군,축산면,예술·스포츠,3,3,129.44747556081768,36.50769004771327
경북,영덕군,축산면,음식,74,74,129.44527153571082,36.50334133030922
경북,영양군,석보면,과학·기술,2,2,129.2042155285905,36.5323737751391
경북,영양군,석보면,소매,20,20,129.148991979278,36.55385732261156
경북,영양군,석보면,수리·개인,2,2,129.122288433862,36.5584027732618
경북,영양군,석보면,숙박,5,5,129.20331280207878,36.53994455232216
경북,영양군,석보면,시설관리·임대,1,1,129.124193474866,36.5570083721869
경북,영양군,석보면,예술·스포츠,3,3,129.172750259426,36.5278231077819
경북,영양군,석보면,음식,26,26,129.13484206276328,36.551478948475115
경북,영양군,수비면,과학·기술,1,1,129.196227505703,36.7675862922452
경북,영양군,수비면,교육,1,1,129.269424584049,36.8383929239826
경북,영양군,수비면,부동산,1,1,129.199934818575,36.7656528454294
경북,영양군,수비면,소매,18,18,129.20202568202635,36.76641542917934
경북,영양군,수비면,수리·개인,3,3,129.20381989705334,36.764589888785366
경북,영양군,수비면,숙박,7,7,129.2207534223403,36.75251278824459
경북,영양군,수비면,시설관리·임대,1,1,129.204236433833,36.7645371244479
경북,영양군,수비면,예술·스포츠,1,1,129.264652163983,36.7913303212559
경북,영양군,수비면,음식,23,23,129.205084700598,36.75881411357675
경북,영양군,영양읍,과학·기술,32,32,129.11553043169735,36.665471915741854
경북,영양군,영양읍,교육,16,16,129.11897979514444,36.66188666576824
경북,영양군,영양읍,보건의료,1,1,129.117263148516,36.6626163770835
경북,영양군,영양읍,부동산,1,1,129.117007715367,36.6630894164765
경북,영양군,영양읍,소매,154,154,129.11684547495602,36.66331298934824
경북,영양군,영양읍,수리·개인,61,61,129.11584734121317,36.66446079921152
경북,영양군,영양읍,숙박,8,8,129.120514701428,36.6577104158503
경북,영양군,영양읍,시설관리·임대,23,23,129.11516234131423,36.663525347746166
경북,영양군,영양읍,예술·스포츠,19,19,129.11506663010232,36.66139398661617
경북,영양군,영양읍,음식,189,189,129.1161828747081,36.6637231157298
경북,영양군,일월면,과학·기술,1,1,129.143047602259,36.7233293378539
경북,영양군,일월면,소매,13,13,129.1217154158947,36.734560120885945
경북,영양군,일월면,숙박,8,8,129.10811559160737,36.76311313389438
경북,영양군,일월면,시설관리·임대,1,1,129.152700924272,36.7291553333386
경북,영양군,일월면,음식,7,7,129.1239460115257,36.692075590708725
경북,영양군,입암면,과학·기술,4,4,129.0875275288795,36.585120076630176
경북,영양군,입암면,교육,1,1,129.089575602713,36.5968756681727
경북,영양군,입암면,소매,17,17,129.07910827798065,36.59823985602642
경북,영양군,입암면,수리·개인,6,6,129.089573260719,36.59520140676525
경북,영양군,입암면,숙박,6,6,129.06592352767635,36.6076551260725
경북,영양군,입암면,시설관리·임대,4,4,129.0758345854085,36.5993272802333
경북,영양군,입암면,예술·스포츠,2,2,129.08724432392552,36.5991013599593
경북,영양군,입암면,음식,33,33,129.08915656024928,36.597637151196814
경북,영양군,청기면,과학·기술,2,2,129.0659158166375,36.66721237433635
경북,영양군,청기면,소매,8,8,129.05476953469838,36.689562087133176
경북,영양군,청기면,수리·개인,1,1,129.06230194467,36.6623378137997
경북,영양군,청기면,숙박,1,1,129.064505161873,36.635964389197
경북,영양군,청기면,시설관리·임대,1,1,129.053076402436,36.7552781330987
경북,영양군,청기면,음식,7,7,129.06153816667614,36.69418050993075
경북,영주시,가흥1동,과학·기술,61,61,128.61192900336914,36.813250813554504
경북,영주시,가흥1동,교육,79,79,128.60814518687758,36.814584588407754
경북,영주시,가흥1동,보건의료,4,4,128.60886538200026,36.81519677330415
경북,영주시,가흥1동,부동산,54,54,128.61010786517767,36.81479230261895
경북,영주시,가흥1동,소매,230,230,128.6099908786345,36.813388114918936
경북,영주시,가흥1동,수리·개인,171,171,128.60982032669102,36.8139984075468
경북,영주시,가흥1동,숙박,5,5,128.6093077767438,36.81459549309106
경북,영주시,가흥1동,시설관리·임대,34,34,128.6117422282364,36.81211785002726
경북,영주시,가흥1동,예술·스포츠,59,59,128.60649570840542,36.81493240139229
경북,영주시,가흥1동,음식,470,470,128.6089480727272,36.814428442859736
경북,영주시,가흥2동,과학·기술,15,15,128.60809456453242,36.82632770538501
경북,영주시,가흥2동,교육,13,13,128.60661200288885,36.82447554053935
경북,영주시,가흥2동,보건의료,6,6,128.601567761302,36.8240449239183
경북,영주시,가흥2동,부동산,9,9,128.60718152732798,36.82160057425702
경북,영주시,가흥2동,소매,98,98,128.60607996698752,36.829415921422736
경북,영주시,가흥2동,수리·개인,73,73,128.6064297369354,36.82511404180208
경북,영주시,가흥2동,숙박,4,4,128.60567600449002,36.85774951953575
경북,영주시,가흥2동,시설관리·임대,12,12,128.6030821419115,36.82872312245713
경북,영주시,가흥2동,예술·스포츠,12,12,128.6037148705439,36.82522218925849
경북,영주시,가흥2동,음식,116,116,128.60746544362752,36.8254461245901
경북,영주시,단산면,과학·기술,1,1,128.613585437276,36.8734437371972
경북,영주시,단산면,교육,2,2,128.611896292903,36.96082255894985
경북,영주시,단산면,소매,23,23,128.61116194444944,36.93793238894085
경북,영주시,단산면,수리·개인,5,5,128.6186430463402,36.951154199102916
경북,영주시,단산면,숙박,8,8,128.58351360621162,36.97551130179581
경북,영주시,단산면,시설관리·임대,1,1,128.614706658598,36.9670778229406
경북,영주시,단산면,예술·스포츠,1,1,128.596509725522,36.8908835343623
경북,영주시,단산면,음식,16,16,128.61722368685844,36.94979516383842
경북,영주시,문수면,과학·기술,3,3,128.634364544475,36.75265603783856
경북,영주시,문수면,교육,7,7,128.60592099249686,36.736455643707984
경북,영주시,문수면,소매,12,12,128.63092949606533,36.76240617011536
경북,영주시,문수면,수리·개인,4,4,128.612653919967,36.75244016938845
경북,영주시,문수면,숙박,16,16,128.6178323644789,36.730013302209386
경북,영주시,문수면,시설관리·임대,2,2,128.634755258134,36.75736433495525
경북,영주시,문수면,예술·스포츠,3,3,128.61874196162566,36.75183812404067
경북,영주시,문수면,음식,11,11,128.62929032425518,36.76113732836339
경북,영주시,봉현면,과학·기술,3,3,128.517330749754,36.840196371736
경북,영주시,봉현면,교육,1,1,128.531915980853,36.8614600954277
경북,영주시,봉현면,부동산,4,4,128.52686261331175,36.86150933284122
경북,영주시,봉현면,소매,74,74,128.51904485745743,36.847194178537094
경북,영주시,봉현면,수리·개인,9,9,128.52096460329076,36.85194944520997
경북,영주시,봉현면,숙박,17,17,128.51438615552274,36.85649346371384
경북,영주시,봉현면,시설관리·임대,5,5,128.52487724702002,36.85732660206946
경북,영주시,봉현면,예술·스포츠,4,4,128.53033220118277,36.860196536764725
경북,영주시,봉현면,음식,50,50,128.51946304935458,36.859548747472914
경북,영주시,부석면,과학·기술,3,3,128.64734071585565,36.9812867202208
경북,영주시,부석면,교육,1,1,128.653830024022,36.9999295270833
경북,영주시,부석면,부동산,2,2,128.657320283572,36.97959529113235
경북,영주시,부석면,소매,38,38,128.6597265641013,36.983801346477414
경북,영주시,부석면,수리·개인,12,12,128.65521976098475,36.978535912452934
경북,영주시,부석면,숙박,20,20,128.66976709593095,37.01564358277352
경북,영주시,부석면,시설관리·임대,2,2,128.66690465717102,37.0068770948716
경북,영주시,부석면,음식,60,60,128.66125718271343,36.9844488795685
경북,영주시,상망동,과학·기술,13,13,128.63735408671184,36.83339047012342
경북,영주시,상망동,교육,5,5,128.6325336485572,36.82832038842186
경북,영주시,상망동,보건의료,1,1,128.651940980725,36.83861565678
경북,영주시,상망동,부동산,2,2,128.6346968562565,36.8310603915521
경북,영주시,상망동,소매,77,77,128.64086983776176,36.835834911861774
경북,영주시,상망동,수리·개인,37,37,128.6362614006094,36.83327383093419
경북,영주시,상망동,시설관리·임대,7,7,128.6374818793167,36.83257928247997
경북,영주시,상망동,예술·스포츠,7,7,128.63775043945657,36.83615774586966
경북,영주시,상망동,음식,35,35,128.63539381449692,36.832694824185
경북,영주시,순흥면,과학·기술,1,1,128.583594649046,36.8923177993981
경북,영주시,순흥면,소매,21,21,128.57197190780485,36.920716734358976
경북,영주시,순흥면,수리·개인,5,5,128.5759465439674,36.91555000341064
경북,영주시,순흥면,숙박,12,12,128.56613476833093,36.92777503586708
경북,영주시,순흥면,시설관리·임대,1,1,128.57183139733,36.9214862617842
경북,영주시,순흥면,예술·스포츠,6,6,128.57871245479984,36.9236654446914
경북,영주시,순흥면,음식,43,43,128.57623373701875,36.92149193655591
경북,영주시,안정면,과학·기술,3,3,128.56382799103233,36.85746812387476
경북,영주시,안정면,교육,3,3,128.55380933317898,36.85628910771053
경북,영주시,안정면,소매,23,23,128.55579997017213,36.84061290501718
경북,영주시,안정면,수리·개인,4,4,128.55378037108125,36.847293844339575
경북,영주시,안정면,숙박,4,4,128.55816049910524,36.863654999348874
경북,영주시,안정면,시설관리·임대,4,4,128.56614950898975,36.85437947495007
경북,영주시,안정면,예술·스포츠,6,6,128.56835093655448,36.85328128928285
경북,영주시,안정면,음식,26,26,128.55668167205158,36.843516660467735
경북,영주시,영주1동,과학·기술,27,27,128.62357035624544,36.826806943872164
경북,영주시,영주1동,교육,14,14,128.62180003865006,36.82678218821048
경북,영주시,영주1동,보건의료,5,5,128.6238443897292,36.8241470536337
경북,영주시,영주1동,부동산,4,4,128.62401763354225,36.827066648210725
경북,영주시,영주1동,소매,307,307,128.6233404896389,36.824953523623336
경북,영주시,영주1동,수리·개인,89,89,128.62196783407921,36.82627849523127
경북,영주시,영주1동,숙박,14,14,128.62156614094042,36.82624415475281
경북,영주시,영주1동,시설관리·임대,15,15,128.62146755138915,36.82754023456561
경북,영주시,영주1동,예술·스포츠,12,12,128.6224493758706,36.826356705402674
경북,영주시,영주1동,음식,172,172,128.62259243475117,36.82571169582066
경북,영주시,영주2동,과학·기술,22,22,128.62081773499324,36.82258723942471
경북,영주시,영주2동,교육,8,8,128.6211116802525,36.82260575421549
경북,영주시,영주2동,보건의료,5,5,128.6240443139264,36.82194046287952
경북,영주시,영주2동,부동산,4,4,128.62052192065275,36.82247191044313
경북,영주시,영주2동,소매,118,118,128.62145541918832,36.82271034782139
경북,영주시,영주2동,수리·개인,57,57,128.62102577321372,36.822819227637254
경북,영주시,영주2동,숙박,14,14,128.62140011144308,36.82190486007362
경북,영주시,영주2동,시설관리·임대,11,11,128.62009660757602,36.82281536281397
경북,영주시,영주2동,예술·스포츠,13,13,128.621503767567,36.82387916755701
경북,영주시,영주2동,음식,127,127,128.62156544339032,36.8227814146758
경북,영주시,이산면,과학·기술,2,2,128.66195498483552,36.8162976486604
경북,영주시,이산면,부동산,1,1,128.645504696363,36.8259647628819
경북,영주시,이산면,소매,16,16,128.67763852076695,36.80673537211379
경북,영주시,이산면,수리·개인,4,4,128.67243172525275,36.8247922311944
경북,영주시,이산면,숙박,3,3,128.69280981679165,36.813884961913836
경북,영주시,이산면,시설관리·임대,6,6,128.67541783897482,36.82742620544068
경북,영주시,이산면,음식,13,13,128.6657571045713,36.822915138586396
경북,영주시,장수면,과학·기술,5,5,128.56402244816,36.78950384600582
경북,영주시,장수면,교육,2,2,128.578919120634,36.773752404867054
경북,영주시,장수면,부동산,1,1,128.577072233695,36.7905544290526
경북,영주시,장수면,소매,19,19,128.57300449402575,36.78471034932134
경북,영주시,장수면,수리·개인,5,5,128.5832350577336,36.77852676827822
경북,영주시,장수면,숙박,1,1,128.529142977267,36.7807555540142
경북,영주시,장수면,시설관리·임대,2,2,128.588516343128,36.7772923208435
경북,영주시,장수면,예술·스포츠,3,3,128.55613278646902,36.777609143752464
경북,영주시,장수면,음식,14,14,128.57314728195848,36.77818630400924
경북,영주시,평은면,소매,14,14,128.71047665922265,36.74806630135022
경북,영주시,평은면,숙박,13,13,128.68359430206638,36.74616965295226
경북,영주시,평은면,예술·스포츠,3,3,128.70929132485034,36.723700943198764
경북,영주시,평은면,음식,10,10,128.7132238225153,36.73653963693885
경북,영주시,풍기읍,과학·기술,24,24,128.52515440722388,36.87573343798757
경북,영주시,풍기읍,교육,8,8,128.5255480802165,36.882762526755435
경북,영주시,풍기읍,보건의료,3,3,128.52224706577968,36.8762671015382
경북,영주시,풍기읍,부동산,17,17,128.52728383431125,36.87483369395776
경북,영주시,풍기읍,소매,397,397,128.52721220897547,36.875097775921205
경북,영주시,풍기읍,수리·개인,76,76,128.52658550521846,36.871279743695204
경북,영주시,풍기읍,숙박,48,48,128.50378693613757,36.90020260437394
경북,영주시,풍기읍,시설관리·임대,8,8,128.52568403291036,36.87098796528279
경북,영주시,풍기읍,예술·스포츠,18,18,128.52863856494457,36.87392720579432
경북,영주시,풍기읍,음식,245,245,128.52401550052667,36.87475233042267
경북,영주시,하망동,과학·기술,24,24,128.6279067404892,36.824751150550945
경북,영주시,하망동,교육,19,19,128.6302497358654,36.82290233229173
경북,영주시,하망동,보건의료,8,8,128.62617116246724,36.82575328025334
경북,영주시,하망동,부동산,4,4,128.6280435078665,36.82360124108245
경북,영주시,하망동,소매,217,217,128.62684803704846,36.82425804551634
경북,영주시,하망동,수리·개인,91,91,128.62764227963038,36.82400190416157
경북,영주시,하망동,숙박,8,8,128.62665218376299,36.823790377828686
경북,영주시,하망동,시설관리·임대,14,14,128.62712693159523,36.8239806544783
경북,영주시,하망동,예술·스포츠,14,14,128.62999223927616,36.82399410614406
경북,영주시,하망동,음식,175,175,128.6273826761761,36.823884045586794
경북,영주시,휴천1동,과학·기술,5,5,128.6301394860738,36.816687020097426
경북,영주시,휴천1동,교육,15,15,128.6332261340574,36.818412819796634
경북,영주시,휴천1동,보건의료,2,2,128.62756978028352,36.8200217598842
경북,영주시,휴천1동,부동산,1,1,128.626725368185,36.8203666926058
경북,영주시,휴천1동,소매,77,77,128.63168876051307,36.81725497533996
경북,영주시,휴천1동,수리·개인,67,67,128.63077020199097,36.816097614538805
경북,영주시,휴천1동,시설관리·임대,10,10,128.63655360985211,36.81663800600822
경북,영주시,휴천1동,예술·스포츠,8,8,128.62815709544188,36.81864982150669
경북,영주시,휴천1동,음식,76,76,128.63038525584054,36.818212487837634
경북,영주시,휴천2동,과학·기술,64,64,128.6220521805556,36.81018353282205
경북,영주시,휴천2동,교육,16,16,128.619602849856,36.807277651849674
경북,영주시,휴천2동,보건의료,2,2,128.62044603965052,36.808505004771405
경북,영주시,휴천2동,부동산,14,14,128.62082917577172,36.81069765129367
경북,영주시,휴천2동,소매,161,161,128.62116582250036,36.81048491330039
경북,영주시,휴천2동,수리·개인,134,134,128.62089974037914,36.80991044007407
경북,영주시,휴천2동,숙박,35,35,128.6226026217113,36.81147010518315
경북,영주시,휴천2동,시설관리·임대,37,37,128.62161937842305,36.8105100064758
경북,영주시,휴천2동,예술·스포츠,20,20,128.62153638476894,36.80992010740297
경북,영주시,휴천2동,음식,379,379,128.62141733867472,36.810654813353445
경북,영주시,휴천3동,과학·기술,15,15,128.6301483668636,36.80912964899713
경북,영주시,휴천3동,교육,6,6,128.62991574612516,36.80638136360003
경북,영주시,휴천3동,부동산,6,6,128.62888679119,36.80910604015308
경북,영주시,휴천3동,소매,61,61,128.62990658597042,36.80696555629227
경북,영주시,휴천3동,수리·개인,57,57,128.6282252590536,36.8099274910647
경북,영주시,휴천3동,시설관리·임대,10,10,128.6250306513431,36.80847309034019
경북,영주시,휴천3동,예술·스포츠,8,8,128.6273293035205,36.80627900401957
경북,영주시,휴천3동,음식,74,74,128.62735190980305,36.80873579233139
경북,영천시,고경면,과학·기술,9,9,129.01747543349077,35.992753048156615
경북,영천시,고경면,교육,3,3,129.04157163649265,36.002608731527936
경북,영천시,고경면,부동산,3,3,128.99105330098067,35.9873836435409
경북,영천시,고경면,소매,70,70,129.04716229816427,35.991775953931395
경북,영천시,고경면,수리·개인,19,19,129.03360456831106,35.99341156533272
경북,영천시,고경면,숙박,10,10,129.0547847878345,35.97507528798418
경북,영천시,고경면,시설관리·임대,10,10,129.013184126697,35.99604100194952
경북,영천시,고경면,예술·스포츠,5,5,128.9880498076352,35.985319610208556
경북,영천시,고경면,음식,59,59,129.04004796122163,35.98940791611189
경북,영천시,금호읍,과학·기술,31,31,128.88910189140455,35.92655162882208
경북,영천시,금호읍,교육,8,8,128.888088545252,35.93569836523218
경북,영천시,금호읍,보건의료,3,3,128.883791350123,35.9377912710699
경북,영천시,금호읍,부동산,24,24,128.87520372721355,35.93271753838676
경북,영천시,금호읍,소매,116,116,128.88219268673828,35.93142357883629
경북,영천시,금호읍,수리·개인,54,54,128.87998749087367,35.934006247058406
경북,영천시,금호읍,숙박,9,9,128.8847988663138,35.93874870449058
경북,영천시,금호읍,시설관리·임대,21,21,128.88919365534844,35.93015997108967
경북,영천시,금호읍,예술·스포츠,12,12,128.88524718125885,35.93068816625155
경북,영천시,금호읍,음식,150,150,128.8834714149211,35.93239138811264
경북,영천시,남부동,과학·기술,16,16,128.93175074313163,35.95097873170696
경북,영천시,남부동,교육,5,5,128.931571043087,35.95500333588742
경북,영천시,남부동,보건의료,3,3,128.92985486073167,35.95223758078183
경북,영천시,남부동,부동산,20,20,128.93848710038273,35.94211021827285
경북,영천시,남부동,소매,117,117,128.9384964730275,35.943272419999964
경북,영천시,남부동,수리·개인,45,45,128.93574664986605,35.94759781060426
경북,영천시,남부동,숙박,4,4,128.9349481058925,35.947785109657175
경북,영천시,남부동,시설관리·임대,28,28,128.93175147226023,35.94720944522755
경북,영천시,남부동,예술·스포츠,3,3,128.93209377737568,35.95574581864434
경북,영천시,남부동,음식,97,97,128.94197493778927,35.9340462919484
경북,영천시,대창면,과학·기술,3,3,128.91065160543732,35.867609322594696
경북,영천시,대창면,부동산,2,2,128.891668334402,35.8833220214937
경북,영천시,대창면,소매,32,32,128.89735022939468,35.87649504846243
경북,영천시,대창면,수리·개인,6,6,128.8941880218475,35.88009091872903
경북,영천시,대창면,숙박,4,4,128.91734803569375,35.87097248868208
경북,영천시,대창면,시설관리·임대,5,5,128.873987641158,35.87745431783689
경북,영천시,대창면,예술·스포츠,2,2,128.91824020605202,35.87222936494095
경북,영천시,대창면,음식,30,30,128.89502230314523,35.87683702651726
경북,영천시,동부동,과학·기술,53,53,128.94709820153213,35.975952184775814
경북,영천시,동부동,교육,56,56,128.94887530344113,35.97841217577279
경북,영천시,동부동,보건의료,3,3,128.951180940727,35.978666641945004
경북,영천시,동부동,부동산,28,28,128.95052594030452,35.97721603517591
경북,영천시,동부동,소매,242,242,128.94870113456216,35.97668343912971
경북,영천시,동부동,수리·개인,184,184,128.94760989615963,35.97686879576488
경북,영천시,동부동,숙박,3,3,128.94916513763167,35.97633861452676
경북,영천시,동부동,시설관리·임대,37,37,128.94826790044485,35.977076764439786
경북,영천시,동부동,예술·스포츠,64,64,128.9488274489975,35.977446780733544
경북,영천시,동부동,음식,456,456,128.94896553635917,35.97763510248377
경북,영천시,북안면,과학·기술,8,8,129.00413213352337,35.914069941973686
경북,영천시,북안면,교육,1,1,129.010384377206,35.9174945974376
경북,영천시,북안면,보건의료,1,1,129.01512383777,35.9108823493768
경북,영천시,북안면,부동산,3,3,129.00897664909533,35.9186264854336
경북,영천시,북안면,소매,37,37,129.00363352555758,35.911200395704576
경북,영천시,북안면,수리·개인,17,17,129.00163018294984,35.90450356231636
경북,영천시,북안면,숙박,1,1,129.010314220838,35.9099087439137
경북,영천시,북안면,시설관리·임대,4,4,128.98861752608425,35.902502509714154
경북,영천시,북안면,예술·스포츠,1,1,129.009004134759,35.9185449308321
경북,영천시,북안면,음식,39,39,129.00742659760482,35.92027489093654
경북,영천시,서부동,과학·기술,31,31,128.92265272729333,35.96565253123454
경북,영천시,서부동,교육,7,7,128.92247525806215,35.96429652697456
경북,영천시,서부동,보건의료,3,3,128.91640548497267,35.9644855684526
경북,영천시,서부동,부동산,6,6,128.922099011102,35.966947608314
경북,영천시,서부동,소매,105,105,128.9187280705584,35.96582212956953
경북,영천시,서부동,수리·개인,64,64,128.92167923062738,35.965348264416875
경북,영천시,서부동,숙박,5,5,128.91998810888558,35.958957523986236
경북,영천시,서부동,시설관리·임대,23,23,128.9199494514214,35.968668323718624
경북,영천시,서부동,예술·스포츠,2,2,128.91709750696202,35.9730632408074
경북,영천시,서부동,음식,60,60,128.92035774928175,35.96628801247448
경북,영천시,신녕면,과학·기술,4,4,128.777014750174,36.045594665333795
경북,영천시,신녕면,교육,6,6,128.78027674850514,36.047292724929854
경북,영천시,신녕면,보건의료,1,1,128.746074076728,36.0904612661947
경북,영천시,신녕면,부동산,1,1,128.791199346502,36.0344682661861
경북,영천시,신녕면,소매,80,80,128.7730308384286,36.04660032164591
경북,영천시,신녕면,수리·개인,17,17,128.7878309502428,36.041874237401416
경북,영천시,신녕면,숙박,8,8,128.75964435516113,36.050144536984064
경북,영천시,신녕면,시설관리·임대,8,8,128.7875328449345,36.04176016580624
경북,영천시,신녕면,예술·스포츠,1,1,128.788296289138,36.0414950709292
경북,영천시,신녕면,음식,110,110,128.78248692841947,36.043400972607756
경북,영천시,완산동,과학·기술,23,23,128.93975858132347,35.96309837248655
경북,영천시,완산동,교육,15,15,128.9403617543004,35.96311832154988
경북,영천시,완산동,보건의료,7,7,128.938006701007,35.96461705199333
경북,영천시,완산동,부동산,27,27,128.93998095752752,35.9627020036164
경북,영천시,완산동,소매,293,293,128.93804354742954,35.963574092603324
경북,영천시,완산동,수리·개인,107,107,128.9385210360584,35.96386209458742
경북,영천시,완산동,숙박,24,24,128.93835569851402,35.96152875157112
경북,영천시,완산동,시설관리·임대,22,22,128.93814235536578,35.96232137586965
경북,영천시,완산동,예술·스포츠,15,15,128.94000288890166,35.96279912972644
경북,영천시,완산동,음식,289,289,128.93844994370434,35.963046039778305
경북,영천시,임고면,과학·기술,2,2,128.9828503520125,36.012492855842154
경북,영천시,임고면,교육,2,2,129.0174772732455,36.033445916465496
경북,영천시,임고면,소매,42,42,129.0031694706333,36.03158590656681
경북,영천시,임고면,수리·개인,3,3,128.97762277590132,36.02962730721823
경북,영천시,임고면,숙박,8,8,128.99057249946486,36.033256191434
경북,영천시,임고면,시설관리·임대,6,6,129.00262011037515,36.0316134464158
경북,영천시,임고면,예술·스포츠,3,3,128.97470814270434,36.032095744082035
경북,영천시,임고면,음식,60,60,128.9878013160058,36.031109306743055
경북,영천시,자양면,과학·기술,1,1,129.017887072405,36.0794873700177
경북,영천시,자양면,교육,4,4,129.02604854586525,36.1236356334243
경북,영천시,자양면,소매,5,5,129.0266891320958,36.09885861147202
경북,영천시,자양면,수리·개인,1,1,129.001784853201,36.088831088768
경북,영천시,자양면,숙박,1,1,129.051230049142,36.1362182319137
경북,영천시,자양면,시설관리·임대,2,2,129.048555198886,36.09398774669475
경북,영천시,자양면,음식,10,10,129.0250739375585,36.09710553004895
경북,영천시,중앙동,과학·기술,87,87,128.93428556874844,35.97268305682809
경북,영천시,중앙동,교육,41,41,128.93353920111971,35.97382699628482
경북,영천시,중앙동,부동산,11,11,128.935749435497,35.97142323434159
경북,영천시,중앙동,소매,146,146,128.93228847094144,35.975263079397216
경북,영천시,중앙동,수리·개인,107,107,128.9337760143137,35.97270303050318
경북,영천시,중앙동,숙박,21,21,128.9334051807437,35.96980937245662
경북,영천시,중앙동,시설관리·임대,32,32,128.93243650775312,35.97266991927738
경북,영천시,중앙동,예술·스포츠,46,46,128.93507367433423,35.97504616213845
경북,영천시,중앙동,음식,276,276,128.9349066708561,35.972334980967204
경북,영천시,청통면,과학·기술,4,4,128.834926932904,35.99550116193715
경북,영천시,청통면,교육,3,3,128.83636412991834,35.993803207943465
경북,영천시,청통면,부동산,6,6,128.81978014798815,35.990756851481784
경북,영천시,청통면,소매,43,43,128.83529160361215,35.98837707739048
경북,영천시,청통면,수리·개인,13,13,128.82938005971724,35.98804404002922
경북,영천시,청통면,숙박,15,15,128.82342122454386,35.9898655972432
경북,영천시,청통면,시설관리·임대,10,10,128.8478638676686,35.99282622039339
경북,영천시,청통면,예술·스포츠,5,5,128.85473045111559,35.99149831772762
경북,영천시,청통면,음식,57,57,128.82103454519097,35.989208376647916
경북,영천시,화남면,교육,4,4,128.907873775252,36.058758352037025
경북,영천시,화남면,부동산,3,3,128.90690139663167,36.05916849021103
경북,영천시,화남면,소매,27,27,128.90036553248115,36.059107778525885
경북,영천시,화남면,수리·개인,9,9,128.90812034434077,36.06227866364955
경북,영천시,화남면,숙박,6,6,128.89109124783735,36.08615627566278
경북,영천시,화남면,시설관리·임대,1,1,128.893042403011,36.0534747452351
경북,영천시,화남면,예술·스포츠,2,2,128.88313458695552,36.0586494893171
경북,영천시,화남면,음식,49,49,128.89999122430083,36.06134513191312
경북,영천시,화북면,과학·기술,1,1,128.918428496887,36.108630758256
경북,영천시,화북면,교육,3,3,128.96161602907702,36.14554482067413
경북,영천시,화북면,소매,18,18,128.9459432039762,36.12503417420347
경북,영천시,화북면,수리·개인,4,4,128.9207255016955,36.10981938076148
경북,영천시,화북면,숙박,12,12,128.9660388061695,36.13333002622348
경북,영천시,화북면,시설관리·임대,1,1,128.983839440778,36.1261267824372
경북,영천시,화북면,음식,29,29,128.94112263662683,36.123798908197145
경북,영천시,화산면,과학·기술,3,3,128.86038042892366,36.0174353711503
경북,영천시,화산면,교육,3,3,128.84169210512968,36.02081460533284
경북,영천시,화산면,부동산,2,2,128.855911691715,36.0184312459381
경북,영천시,화산면,소매,25,25,128.8579391716852,36.01844046910738
경북,영천시,화산면,수리·개인,3,3,128.86906409429733,36.013839568665766
경북,영천시,화산면,숙박,1,1,128.882807839681,36.0104563236752
경북,영천시,화산면,시설관리·임대,4,4,128.8505013907965,36.03257568812385
경북,영천시,화산면,예술·스포츠,1,1,128.825057925151,36.032524827204
경북,영천시,화산면,음식,16,16,128.86379581724992,36.01799768115199
경북,예천군,감천면,과학·기술,1,1,128.540137129362,36.7407252891709
경북,예천군,감천면,교육,1,1,128.527357376479,36.7217881668589
경북,예천군,감천면,부동산,2,2,128.5420442072585,36.7385191460827
경북,예천군,감천면,소매,25,25,128.51783024731424,36.72543100696795
경북,예천군,감천면,수리·개인,6,6,128.52022103303233,36.723539891945954
경북,예천군,감천면,숙박,10,10,128.51275675132212,36.71541939684135
경북,예천군,감천면,시설관리·임대,2,2,128.5160048051385,36.73510581368885
경북,예천군,감천면,예술·스포츠,2,2,128.509713991669,36.732181415628006
경북,예천군,감천면,음식,30,30,128.5196355913228,36.72627287482432
경북,예천군,개포면,과학·기술,1,1,128.409463912028,36.6120167542745
경북,예천군,개포면,소매,13,13,128.36107822098916,36.61797519096119
경북,예천군,개포면,수리·개인,3,3,128.35851241907469,36.62118617723423
경북,예천군,개포면,숙박,2,2,128.3496935757525,36.62026105832905
경북,예천군,개포면,시설관리·임대,1,1,128.365662132713,36.6069943223549
경북,예천군,개포면,예술·스포츠,2,2,128.361663183412,36.6093423042236
경북,예천군,개포면,음식,6,6,128.33927588732067,36.61823437665061
경북,예천군,보문면,과학·기술,3,3,128.52077582166166,36.6824549357097
경북,예천군,보문면,교육,1,1,128.556221906544,36.6739928653429
경북,예천군,보문면,소매,9,9,128.54096834877043,36.67631356649574
경북,예천군,보문면,수리·개인,2,2,128.514292332767,36.6677158130999
경북,예천군,보문면,숙박,6,6,128.51273936714233,36.66802473738968
경북,예천군,보문면,시설관리·임대,1,1,128.588991009372,36.6889766740543
경북,예천군,보문면,예술·스포츠,2,2,128.5650393823945,36.70206577319085
경북,예천군,보문면,음식,15,15,128.52529440792085,36.66830945171629
경북,예천군,예천읍,과학·기술,81,81,128.45002956636228,36.65329661791781
경북,예천군,예천읍,교육,22,22,128.45142261895404,36.656174701422735
경북,예천군,예천읍,보건의료,5,5,128.457934251085,36.65286378692828
경북,예천군,예천읍,부동산,24,24,128.45303826719228,36.652697547429405
경북,예천군,예천읍,소매,321,321,128.45390443269764,36.655284257939215
경북,예천군,예천읍,수리·개인,137,137,128.45363272639526,36.65467062150183
경북,예천군,예천읍,숙박,22,22,128.4543608840466,36.65662466405326
경북,예천군,예천읍,시설관리·임대,52,52,128.45251780037125,36.65142344255689
경북,예천군,예천읍,예술·스포츠,36,36,128.45376969868414,36.652838439309406
경북,예천군,예천읍,음식,386,386,128.4532077835271,36.65523120232684
경북,예천군,용궁면,과학·기술,2,2,128.27909158657502,36.60776133240505
경북,예천군,용궁면,교육,1,1,128.300781292282,36.5795706671448
경북,예천군,용궁면,보건의료,1,1,128.281609820045,36.6079730961223
경북,예천군,용궁면,소매,32,32,128.28751907861198,36.604541941249046
경북,예천군,용궁면,수리·개인,11,11,128.28516004987455,36.60851635324982
경북,예천군,용궁면,숙박,3,3,128.30769882105866,36.59856415418957
경북,예천군,용궁면,시설관리·임대,6,6,128.27760552083032,36.60834795094886
경북,예천군,용궁면,음식,63,63,128.2813355199895,36.605961081998466
경북,예천군,용문면,과학·기술,2,2,128.40458797528498,36.6915879619749
경북,예천군,용문면,부동산,1,1,128.403352508355,36.692246913431
경북,예천군,용문면,소매,13,13,128.40329148499555,36.69801357459277
경북,예천군,용문면,수리·개인,6,6,128.41778660928884,36.69174737332225
경북,예천군,용문면,숙박,9,9,128.41795912210256,36.6949327114294
경북,예천군,용문면,시설관리·임대,1,1,128.396664579485,36.6738449647339
경북,예천군,용문면,예술·스포츠,3,3,128.387721119793,36.69192807024813
경북,예천군,용문면,음식,26,26,128.40833610225204,36.690360531981746
경북,예천군,유천면,소매,17,17,128.37426421538376,36.63754996448301
경북,예천군,유천면,수리·개인,4,4,128.38355672454674,36.643239229639576
경북,예천군,유천면,시설관리·임대,2,2,128.4013583327945,36.63627882406115
경북,예천군,유천면,예술·스포츠,3,3,128.36046880698635,36.638728502997566
경북,예천군,유천면,음식,11,11,128.37356378612873,36.62724811094261
경북,예천군,은풍면,과학·기술,2,2,128.4331450180955,36.7332902125995
경북,예천군,은풍면,교육,1,1,128.418118028878,36.7371152403039
경북,예천군,은풍면,소매,11,11,128.44653628510375,36.74789500062998
경북,예천군,은풍면,수리·개인,5,5,128.44468690822922,36.738844486767086
경북,예천군,은풍면,예술·스포츠,1,1,128.460107994154,36.7694681785962
경북,예천군,은풍면,음식,14,14,128.442257407417,36.74204531924547
경북,예천군,지보면,과학·기술,2,2,128.386958426652,36.54390773052205
경북,예천군,지보면,교육,1,1,128.37597750594,36.5471707059411
경북,예천군,지보면,보건의료,1,1,128.461216513709,36.5410654670366
경북,예천군,지보면,부동산,1,1,128.387428793958,36.5449204735851
경북,예천군,지보면,소매,31,31,128.40645926657197,36.54538322597673
경북,예천군,지보면,수리·개인,13,13,128.39804114518816,36.54548324461101
경북,예천군,지보면,숙박,9,9,128.41909764649031,36.54126668215588
경북,예천군,지보면,시설관리·임대,3,3,128.41903081124033,36.54743732912353
경북,예천군,지보면,예술·스포츠,6,6,128.43392845802217,36.54906739834629
경북,예천군,지보면,음식,41,41,128.41201368605525,36.54246105629015
경북,예천군,풍양면,과학·기술,2,2,128.2976448575845,36.507261279171544
경북,예천군,풍양면,부동산,1,1,128.278888936411,36.5026295575971
경북,예천군,풍양면,소매,27,27,128.29839695429592,36.510669578547734
경북,예천군,풍양면,수리·개인,9,9,128.3005348575852,36.509172702912764
경북,예천군,풍양면,숙박,9,9,128.2919568879561,36.51567768213259
경북,예천군,풍양면,시설관리·임대,3,3,128.30385414188066,36.5237930069417
경북,예천군,풍양면,예술·스포츠,4,4,128.30021309244026,36.5094928414658
경북,예천군,풍양면,음식,57,57,128.299106656672,36.5107458505507
경북,예천군,호명읍,과학·기술,29,29,128.4856848430161,36.579445218734094
경북,예천군,호명읍,교육,70,70,128.4880852598232,36.578427210378244
경북,예천군,호명읍,보건의료,5,5,128.4899542221134,36.57627104666708
경북,예천군,호명읍,부동산,26,26,128.4882452237512,36.576821622854226
경북,예천군,호명읍,소매,105,105,128.4850897667016,36.578718012394575
경북,예천군,호명읍,수리·개인,76,76,128.4860537075608,36.57784639490946
경북,예천군,호명읍,숙박,12,12,128.48479386350016,36.61275205856233
경북,예천군,호명읍,시설관리·임대,17,17,128.48081933809988,36.58047727274606
경북,예천군,호명읍,예술·스포츠,31,31,128.488089842959,36.57763838845543
경북,예천군,호명읍,음식,278,278,128.48597054863268,36.578083189895494
경북,예천군,효자면,교육,4,4,128.387799944269,36.79559199589792
경북,예천군,효자면,소매,15,15,128.42048864882713,36.790169352340264
경북,예천군,효자면,숙박,5,5,128.43376205467,36.800212880466816
경북,예천군,효자면,예술·스포츠,1,1,128.454341408512,36.8050935421415
경북,예천군,효자면,음식,9,9,128.42852129987668,36.80033697383173
경북,울릉군,북면,과학·기술,3,3,130.86136400747034,37.53456034196224
경북,울릉군,북면,부동산,1,1,130.82243214983,37.52649357793
경북,울릉군,북면,소매,22,22,130.86212410253663,37.53226108438716
경북,울릉군,북면,수리·개인,5,5,130.8544771685604,37.53479316344374
경북,울릉군,북면,숙박,43,43,130.8591701350136,37.53312910959686
경북,울릉군,북면,시설관리·임대,2,2,130.865467613667,37.5368326066341
경북,울릉군,북면,예술·스포츠,2,2,130.8247436008155,37.526369104215405
경북,울릉군,북면,음식,42,42,130.8588143664734,37.5332321918376
경북,울릉군,서면,과학·기술,1,1,130.85623706123,37.4612881731754
경북,울릉군,서면,교육,1,1,130.834849314744,37.4709360127663
경북,울릉군,서면,소매,26,26,130.82498715431618,37.48740843450383
경북,울릉군,서면,수리·개인,5,5,130.8306255765616,37.4766949276106
경북,울릉군,서면,숙박,21,21,130.82588102461025,37.48585498693669
경북,울릉군,서면,시설관리·임대,6,6,130.8431774816715,37.466929315202044
경북,울릉군,서면,음식,25,25,130.82876031558533,37.47993031970459
경북,울릉군,울릉읍,과학·기술,22,22,130.90335188171,37.485368965117736
경북,울릉군,울릉읍,교육,7,7,130.90287486970087,37.488668270673415
경북,울릉군,울릉읍,보건의료,1,1,130.906334286692,37.4939749111757
경북,울릉군,울릉읍,부동산,4,4,130.899236327266,37.48188177226325
경북,울릉군,울릉읍,소매,162,162,130.91037718758503,37.485661552138026
경북,울릉군,울릉읍,수리·개인,40,40,130.90276819825291,37.486424766135244
경북,울릉군,울릉읍,숙박,174,174,130.90173813548043,37.48437334805501
경북,울릉군,울릉읍,시설관리·임대,51,51,130.90322299354764,37.485148825263884
경북,울릉군,울릉읍,예술·스포츠,14,14,130.9060508592385,37.4862601553961
경북,울릉군,울릉읍,음식,249,249,130.90569652841577,37.487244203363375
경북,울진군,근남면,과학·기술,8,8,129.40099252400074,36.95602077912536
경북,울진군,근남면,교육,9,9,129.39636185041724,36.949630054822734
경북,울진군,근남면,부동산,4,4,129.39846851899125,36.952793492785446
경북,울진군,근남면,소매,38,38,129.39458442816795,36.95982170029987
경북,울진군,근남면,수리·개인,5,5,129.3968882419136,36.96434423484668
경북,울진군,근남면,숙박,38,38,129.39875092746107,36.949554869844754
경북,울진군,근남면,시설관리·임대,7,7,129.394095244587,36.955756739563526
경북,울진군,근남면,예술·스포츠,3,3,129.40245609025433,36.94762695273666
경북,울진군,근남면,음식,54,54,129.39562679050758,36.963321726944606
경북,울진군,금강송면,교육,1,1,129.304239185509,36.8933082621402
경북,울진군,금강송면,소매,13,13,129.22513986656037,36.937774669837886
경북,울진군,금강송면,수리·개인,1,1,129.24601914157,36.9339821468279
경북,울진군,금강송면,숙박,10,10,129.2590481415237,36.92856065352139
경북,울진군,금강송면,음식,10,10,129.2470301255922,36.942689854560875
경북,울진군,기성면,과학·기술,4,4,129.45099837382574,36.80620778706955
경북,울진군,기성면,교육,1,1,129.451334214982,36.7977264001901
경북,울진군,기성면,보건의료,1,1,129.406275818687,36.7893679304587
경북,울진군,기성면,소매,35,35,129.45507076230584,36.788140954087055
경북,울진군,기성면,수리·개인,6,6,129.44793964526465,36.793387788346365
경북,울진군,기성면,숙박,21,21,129.45319812613482,36.79908861340461
경북,울진군,기성면,시설관리·임대,2,2,129.45095921741398,36.796949274690704
경북,울진군,기성면,예술·스포츠,8,8,129.44725314212175,36.79979822661705
경북,울진군,기성면,음식,39,39,129.4515348751766,36.79785609058429
경북,울진군,매화면,과학·기술,2,2,129.39399890427052,36.894730062827804
경북,울진군,매화면,교육,2,2,129.397206816088,36.9156053909779
경북,울진군,매화면,부동산,1,1,129.397536844411,36.8772275335928
경북,울진군,매화면,소매,17,17,129.40000708142506,36.89750205757956
경북,울진군,매화면,수리·개인,6,6,129.39166696198035,36.90365797345895
경북,울진군,매화면,숙박,6,6,129.41637341702332,36.89760791346972
경북,울진군,매화면,시설관리·임대,4,4,129.3768121314265,36.89703963202375
경북,울진군,매화면,예술·스포츠,6,6,129.40606925439883,36.89824255114695
경북,울진군,매화면,음식,39,39,129.39292575850456,36.901358143530274
경북,울진군,북면,과학·기술,7,7,129.37119350119042,37.102166554399936
경북,울진군,북면,교육,17,17,129.37160965560682,37.10141777783545
경북,울진군,북면,보건의료,2,2,129.373722544962,37.107593932076696
경북,울진군,북면,부동산,3,3,129.37292606497633,37.11061120898273
경북,울진군,북면,소매,72,72,129.36615631085925,37.09677936436818
경북,울진군,북면,수리·개인,44,44,129.36651874636607,37.099999385402185
경북,울진군,북면,숙박,35,35,129.33357847322466,37.092658782059075
경북,울진군,북면,시설관리·임대,18,18,129.36340552003838,37.101608710781214
경북,울진군,북면,예술·스포츠,13,13,129.37011549849848,37.10418739101018
경북,울진군,북면,음식,194,194,129.36731311909662,37.10059788438094
경북,울진군,온정면,교육,3,3,129.37765575127034,36.709078638706934
경북,울진군,온정면,부동산,1,1,129.343915452708,36.7207937783076
경북,울진군,온정면,소매,14,14,129.34371018925052,36.72587928652818
경북,울진군,온정면,수리·개인,8,8,129.3444231522284,36.71931744819665
경북,울진군,온정면,숙박,21,21,129.34688408537244,36.71926006895954
경북,울진군,온정면,시설관리·임대,3,3,129.34368943893668,36.722930379346266
경북,울진군,온정면,예술·스포츠,1,1,129.34416244758,36.7219240557473
경북,울진군,온정면,음식,25,25,129.34684244543735,36.72135378714191
경북,울진군,울진읍,과학·기술,63,63,129.4001455250239,36.99289030716681
경북,울진군,울진읍,교육,35,35,129.4015361392419,36.99316029954522
경북,울진군,울진읍,보건의료,9,9,129.40229645138987,36.994397612378606
경북,울진군,울진읍,부동산,10,10,129.39876743320582,36.99154482549828
경북,울진군,울진읍,소매,281,281,129.40098066714464,36.99278661489023
경북,울진군,울진읍,수리·개인,124,124,129.4005881861389,36.99266775368696
경북,울진군,울진읍,숙박,24,24,129.4041821808136,36.999860888584
경북,울진군,울진읍,시설관리·임대,44,44,129.40089701121818,36.99564547296067
경북,울진군,울진읍,예술·스포츠,41,41,129.4013847411697,36.993435422283795
경북,울진군,울진읍,음식,310,310,129.40202240839062,36.99302689904244
경북,울진군,죽변면,과학·기술,14,14,129.41531880888527,37.057855178219484
경북,울진군,죽변면,교육,6,6,129.41864830954668,37.06210998269324
경북,울진군,죽변면,보건의료,1,1,129.421100124061,37.061561519019
경북,울진군,죽변면,부동산,5,5,129.4144203125976,37.0668018224325
경북,울진군,죽변면,소매,134,134,129.417097399429,37.057854643403566
경북,울진군,죽변면,수리·개인,44,44,129.41746975377876,37.06208312777953
경북,울진군,죽변면,숙박,51,51,129.4169682481066,37.04924834210705
경북,울진군,죽변면,시설관리·임대,29,29,129.41506170338042,37.05958535889922
경북,울진군,죽변면,예술·스포츠,21,21,129.41395256247742,37.06014541572238
경북,울진군,죽변면,음식,278,278,129.42016667278534,37.05867594511452
경북,울진군,평해읍,과학·기술,3,3,129.44823319790234,36.73051797997783
경북,울진군,평해읍,부동산,1,1,129.441581902419,36.7244419547536
경북,울진군,평해읍,소매,62,62,129.44785840741613,36.7241452915226
경북,울진군,평해읍,수리·개인,15,15,129.44434290621066,36.723366119618056
경북,울진군,평해읍,숙박,31,31,129.46847983155786,36.71709176132707
경북,울진군,평해읍,시설관리·임대,10,10,129.4473529433129,36.72239045895934
경북,울진군,평해읍,예술·스포츠,1,1,129.475270575057,36.7252321790245
경북,울진군,평해읍,음식,48,48,129.4471186631075,36.728476951870164
경북,울진군,후포면,과학·기술,18,18,129.44313686156872,36.67832765540359
경북,울진군,후포면,교육,14,14,129.44165690701684,36.678979418834295
경북,울진군,후포면,보건의료,2,2,129.439895963104,36.678931861270755
경북,울진군,후포면,부동산,7,7,129.4437489593043,36.677118347599844
경북,울진군,후포면,소매,185,185,129.44705688580373,36.67929924676373
경북,울진군,후포면,수리·개인,73,73,129.44518311829484,36.68042936666737
경북,울진군,후포면,숙박,46,46,129.44647618090906,36.67547064938589
경북,울진군,후포면,시설관리·임대,10,10,129.4450040609087,36.67977178970508
경북,울진군,후포면,예술·스포츠,34,34,129.44384900467495,36.68073489186155
경북,울진군,후포면,음식,279,279,129.44881221582963,36.679760155483045
경북,의성군,가음면,소매,11,11,128.7373063868047,36.22923027887839
경북,의성군,가음면,수리·개인,7,7,128.728536961349,36.233860373097414
경북,의성군,가음면,시설관리·임대,3,3,128.737112471998,36.22906583684523
경북,의성군,가음면,예술·스포츠,1,1,128.743506462342,36.2272919173181
경북,의성군,가음면,음식,22,22,128.72941568157165,36.233050923589616
경북,의성군,구천면,과학·기술,2,2,128.424927618412,36.34176563936475
경북,의성군,구천면,교육,2,2,128.43579293896101,36.3515091793479
경북,의성군,구천면,부동산,1,1,128.429707177171,36.3503998060495
경북,의성군,구천면,소매,10,10,128.4321946582425,36.348962290361655
경북,의성군,구천면,수리·개인,4,4,128.43479889661126,36.35378292034043
경북,의성군,구천면,음식,7,7,128.4314445874716,36.34882007241317
경북,의성군,금성면,과학·기술,3,3,128.680518216194,36.25256711742503
경북,의성군,금성면,교육,4,4,128.68760711653826,36.2532041187635
경북,의성군,금성면,보건의료,1,1,128.683789368405,36.2524134681995
경북,의성군,금성면,부동산,2,2,128.6819386542245,36.255602291916404
경북,의성군,금성면,소매,69,69,128.68589368775898,36.25804610355965
경북,의성군,금성면,수리·개인,30,30,128.68244721062848,36.25594239996983
경북,의성군,금성면,숙박,7,7,128.6878955364884,36.26495539836786
경북,의성군,금성면,시설관리·임대,7,7,128.66923580445786,36.263996682086216
경북,의성군,금성면,예술·스포츠,1,1,128.679228344641,36.2607404817746
경북,의성군,금성면,음식,62,62,128.68351733975072,36.25254001084986
경북,의성군,다인면,과학·기술,1,1,128.354178679422,36.4497878167333
경북,의성군,다인면,교육,3,3,128.35875294701668,36.46018518413827
경북,의성군,다인면,부동산,1,1,128.354811991058,36.4490056908369
경북,의성군,다인면,소매,29,29,128.35277113401645,36.4492182513179
경북,의성군,다인면,수리·개인,13,13,128.35776863831086,36.44801165584767
경북,의성군,다인면,숙박,1,1,128.353234557812,36.4500147872723
경북,의성군,다인면,시설관리·임대,6,6,128.35442241178018,36.4632271152486
경북,의성군,다인면,예술·스포츠,1,1,128.387763201767,36.4410669626362
경북,의성군,다인면,음식,40,40,128.3568646299096,36.44996476119378
경북,의성군,단밀면,과학·기술,2,2,128.382245722716,36.3726523296791
경북,의성군,단밀면,교육,1,1,128.373164120653,36.3662916849549
경북,의성군,단밀면,소매,13,13,128.3455382059147,36.36385483720467
경북,의성군,단밀면,수리·개인,3,3,128.354608082233,36.36582665571907
경북,의성군,단밀면,숙박,6,6,128.30744319442002,36.35621869234175
경북,의성군,단밀면,시설관리·임대,3,3,128.37099244889302,36.38235245678583
경북,의성군,단밀면,예술·스포츠,1,1,128.373164120653,36.3662916849549
경북,의성군,단밀면,음식,26,26,128.33666394570142,36.36209580309661
경북,의성군,단북면,과학·기술,1,1,128.419424401025,36.3852956884995
경북,의성군,단북면,소매,11,11,128.4142919256652,36.39720119545714
경북,의성군,단북면,수리·개인,5,5,128.4052168091298,36.39343271945054
경북,의성군,단북면,시설관리·임대,5,5,128.40804792130638,36.389052078420676
경북,의성군,단북면,예술·스포츠,2,2,128.427237989866,36.3896359289785
경북,의성군,단북면,음식,6,6,128.40805753382202,36.39246211698473
경북,의성군,단촌면,과학·기술,6,6,128.69261660000498,36.4127178507315
경북,의성군,단촌면,교육,5,5,128.7097646020748,36.44251637639228
경북,의성군,단촌면,소매,25,25,128.67992543118697,36.42310744144188
경북,의성군,단촌면,수리·개인,12,12,128.67283633037266,36.42128529297832
경북,의성군,단촌면,시설관리·임대,4,4,128.69237005738648,36.40595217870647
경북,의성군,단촌면,음식,34,34,128.67363168051125,36.4208091895159
경북,의성군,봉양면,과학·기술,19,19,128.5915940115941,36.30661620694461
경북,의성군,봉양면,교육,4,4,128.60210785481425,36.29786918864815
경북,의성군,봉양면,보건의료,2,2,128.57979811384251,36.3002249046088
경북,의성군,봉양면,부동산,12,12,128.57888253507974,36.29819754840046
경북,의성군,봉양면,소매,60,60,128.58999927282818,36.30192608636243
경북,의성군,봉양면,수리·개인,20,20,128.58186393580735,36.29962169620829
경북,의성군,봉양면,숙박,5,5,128.57925360933183,36.29806321089116
경북,의성군,봉양면,시설관리·임대,6,6,128.57813535825085,36.29651785457718
경북,의성군,봉양면,예술·스포츠,7,7,128.578864195368,36.29775604504265
경북,의성군,봉양면,음식,99,99,128.57956766946884,36.29824741384487
경북,의성군,비안면,과학·기술,1,1,128.469523107875,36.3464565080233
경북,의성군,비안면,교육,3,3,128.52880989887433,36.34640036875627
경북,의성군,비안면,부동산,4,4,128.49292726677123,36.33691663345728
경북,의성군,비안면,소매,15,15,128.50242497313715,36.33603942265854
경북,의성군,비안면,수리·개인,5,5,128.4989997206974,36.34325844268026
경북,의성군,비안면,시설관리·임대,4,4,128.50571946078625,36.34175649774657
경북,의성군,비안면,음식,12,12,128.50195604707935,36.33287404158864
경북,의성군,사곡면,소매,13,13,128.7695710740284,36.30868479281659
경북,의성군,사곡면,수리·개인,1,1,128.787441832516,36.3061440709885
경북,의성군,사곡면,예술·스포츠,1,1,128.751571502739,36.3070806271913
경북,의성군,사곡면,음식,4,4,128.78392039233574,36.300943268081376
경북,의성군,신평면,과학·기술,1,1,128.481755931014,36.4950287718139
경북,의성군,신평면,소매,4,4,128.50800407117026,36.48512941293435
경북,의성군,신평면,수리·개인,1,1,128.505694992225,36.470859688946
경북,의성군,신평면,음식,2,2,128.505606984445,36.468617133076
경북,의성군,안계면,과학·기술,15,15,128.4394340914874,36.38447760912054
경북,의성군,안계면,교육,9,9,128.4373029319939,36.385255054917906
경북,의성군,안계면,보건의료,5,5,128.434231199898,36.38738052150658
경북,의성군,안계면,부동산,2,2,128.43720408201852,36.3861462586416
경북,의성군,안계면,소매,151,151,128.4378044876277,36.3866731053483
경북,의성군,안계면,수리·개인,56,56,128.43649124106724,36.385897104475816
경북,의성군,안계면,숙박,5,5,128.4377384371296,36.38611637384286
경북,의성군,안계면,시설관리·임대,11,11,128.44135238656182,36.38661846415631
경북,의성군,안계면,예술·스포츠,10,10,128.4405909549294,36.38430833013032
경북,의성군,안계면,음식,152,152,128.43692545052298,36.38606492508698
경북,의성군,안사면,소매,3,3,128.44184435604436,36.475621231432264
경북,의성군,안사면,수리·개인,1,1,128.421257131179,36.5084520795937
경북,의성군,안사면,예술·스포츠,1,1,128.461711197894,36.4307859970563
경북,의성군,안사면,음식,2,2,128.447163180945,36.463743560239095
경북,의성군,안평면,과학·기술,1,1,128.580744435775,36.3581023727227
경북,의성군,안평면,교육,1,1,128.577198050886,36.375576061424
경북,의성군,안평면,소매,12,12,128.59067281036207,36.385763796347774
경북,의성군,안평면,수리·개인,2,2,128.580153519292,36.376532683541555
경북,의성군,안평면,숙박,1,1,128.650547039664,36.3690884253669
경북,의성군,안평면,시설관리·임대,1,1,128.568875647656,36.3739736276703
경북,의성군,안평면,음식,13,13,128.5804394669673,36.37602880360744
경북,의성군,옥산면,과학·기술,2,2,128.811884180221,36.369597024734404
경북,의성군,옥산면,교육,1,1,128.802359600955,36.3327443347511
경북,의성군,옥산면,소매,13,13,128.81477843382316,36.40080364729649
경북,의성군,옥산면,수리·개인,4,4,128.8047201463605,36.3989287009355
경북,의성군,옥산면,숙박,1,1,128.801974090429,36.3590247042685
경북,의성군,옥산면,시설관리·임대,1,1,128.808705593898,36.3928292022815
경북,의성군,옥산면,예술·스포츠,1,1,128.858434626567,36.3052594652342
경북,의성군,옥산면,음식,13,13,128.80981263767353,36.39506401568532
경북,의성군,의성읍,과학·기술,89,89,128.69727481922652,36.35067221931405
경북,의성군,의성읍,교육,23,23,128.6963237169897,36.35297854991496
경북,의성군,의성읍,보건의료,10,10,128.6887651659003,36.35697897600535
경북,의성군,의성읍,부동산,11,11,128.6960559795649,36.35249386690834
경북,의성군,의성읍,소매,277,277,128.69657152642037,36.35131551427152
경북,의성군,의성읍,수리·개인,117,117,128.69593789768135,36.35163766539791
경북,의성군,의성읍,숙박,13,13,128.69501667194822,36.354763811249455
경북,의성군,의성읍,시설관리·임대,52,52,128.69703255193411,36.35068019229031
경북,의성군,의성읍,예술·스포츠,28,28,128.69661443426887,36.35278902774144
경북,의성군,의성읍,음식,324,324,128.6970130138549,36.35067885880529
경북,의성군,점곡면,교육,1,1,128.760034763615,36.4204437361503
경북,의성군,점곡면,보건의료,1,1,128.751832200023,36.370430063827
경북,의성군,점곡면,소매,11,11,128.767817867216,36.40742099134532
경북,의성군,점곡면,수리·개인,2,2,128.766624742854,36.4239325319746
경북,의성군,점곡면,숙박,1,1,128.762930566922,36.4247530425031
경북,의성군,점곡면,예술·스포츠,1,1,128.763561107043,36.4255186249051
경북,의성군,점곡면,음식,16,16,128.76284558870256,36.42082573245813
경북,의성군,춘산면,과학·기술,3,3,128.787113189657,36.231455824718495
경북,의성군,춘산면,교육,2,2,128.7832967496395,36.272727150257495
경북,의성군,춘산면,소매,14,14,128.80588256458023,36.239592021850086
경북,의성군,춘산면,수리·개인,1,1,128.788455594944,36.2364229033117
경북,의성군,춘산면,숙박,2,2,128.763731218279,36.2456785991763
경북,의성군,춘산면,시설관리·임대,1,1,128.865444861435,36.2246865588828
경북,의성군,춘산면,음식,9,9,128.79879113624875,36.24031762824953
경북,청도군,각남면,과학·기술,4,4,128.66791546468025,35.641913529354774
경북,청도군,각남면,교육,3,3,128.66552522085235,35.63085036241586
경북,청도군,각남면,부동산,2,2,128.68189599002102,35.6519792717249
경북,청도군,각남면,소매,14,14,128.65867962532056,35.63250244335643
경북,청도군,각남면,수리·개인,3,3,128.68276061482368,35.65152862377423
경북,청도군,각남면,숙박,11,11,128.6516159012482,35.62813051113059
경북,청도군,각남면,시설관리·임대,5,5,128.65657755231342,35.632526214449214
경북,청도군,각남면,예술·스포츠,2,2,128.65094162513998,35.642241378541854
경북,청도군,각남면,음식,10,10,128.6755030033117,35.645581432704944
경북,청도군,각북면,과학·기술,3,3,128.58105735400602,35.70329119426413
경북,청도군,각북면,교육,1,1,128.590013325389,35.6863187022065
경북,청도군,각북면,보건의료,2,2,128.5653266555105,35.71351500932985
경북,청도군,각북면,부동산,8,8,128.5704964639976,35.708703451807715
경북,청도군,각북면,소매,38,38,128.58286376443434,35.69467261464249
경북,청도군,각북면,수리·개인,3,3,128.58067170768066,35.69868226619237
경북,청도군,각북면,숙박,32,32,128.5818028738994,35.6959240097514
경북,청도군,각북면,시설관리·임대,2,2,128.60489305858198,35.6688316773673
경북,청도군,각북면,예술·스포츠,4,4,128.58301216255649,35.6923786264163
경북,청도군,각북면,음식,44,44,128.5713369006953,35.705447723543145
경북,청도군,금천면,과학·기술,3,3,128.88693788764567,35.7040471663154
경북,청도군,금천면,교육,6,6,128.876607148477,35.71412545383598
경북,청도군,금천면,보건의료,1,1,128.894867962335,35.6925654860206
경북,청도군,금천면,부동산,4,4,128.894397191639,35.696458805221326
경북,청도군,금천면,소매,35,35,128.88711355931048,35.70073246179968
경북,청도군,금천면,수리·개인,18,18,128.89212165017582,35.6916359165899
경북,청도군,금천면,숙박,19,19,128.89140764990717,35.703010720408656
경북,청도군,금천면,시설관리·임대,5,5,128.89942780413722,35.69860428106354
경북,청도군,금천면,예술·스포츠,2,2,128.883030414827,35.743198605808146
경북,청도군,금천면,음식,72,72,128.89088787567653,35.694729179612374
경북,청도군,매전면,과학·기술,5,5,128.81845449206222,35.66573899304274
경북,청도군,매전면,교육,4,4,128.8248115949485,35.6291638327831
경북,청도군,매전면,보건의료,1,1,128.860470104243,35.6711777500147
경북,청도군,매전면,부동산,9,9,128.84386010464712,35.667369135123316
경북,청도군,매전면,소매,32,32,128.84597308583815,35.664644573035815
경북,청도군,매전면,수리·개인,1,1,128.840883052715,35.6521135221103
경북,청도군,매전면,숙박,45,45,128.84080047181135,35.661168282001285
경북,청도군,매전면,시설관리·임대,1,1,128.845218225983,35.6524256355435
경북,청도군,매전면,예술·스포츠,3,3,128.840469531851,35.66019599166213
경북,청도군,매전면,음식,35,35,128.8391580736611,35.66149070463336
경북,청도군,운문면,과학·기술,6,6,128.97819169852667,35.698415238800386
경북,청도군,운문면,교육,3,3,128.96339818692934,35.69770644193776
경북,청도군,운문면,부동산,3,3,128.92940050078266,35.70488568611817
경북,청도군,운문면,소매,38,38,128.9568595880881,35.70075299260854
경북,청도군,운문면,수리·개인,2,2,128.9144570846275,35.7165270076805
경북,청도군,운문면,숙박,85,85,128.97537537060256,35.688018318580696
경북,청도군,운문면,시설관리·임대,2,2,128.9371219248755,35.7003925080009
경북,청도군,운문면,예술·스포츠,3,3,128.96643107412365,35.679183162656265
경북,청도군,운문면,음식,97,97,128.95857770949752,35.693505638062874
경북,청도군,이서면,과학·기술,12,12,128.66543025970415,35.68179718214977
경북,청도군,이서면,교육,8,8,128.67972910050062,35.68668856925404
경북,청도군,이서면,보건의료,1,1,128.666862877224,35.6652281386867
경북,청도군,이서면,부동산,11,11,128.682368422083,35.68448607365166
경북,청도군,이서면,소매,43,43,128.67353171264884,35.67977522173544
경북,청도군,이서면,수리·개인,12,12,128.67126674868683,35.67220768638795
경북,청도군,이서면,숙박,29,29,128.67388054418814,35.680117743929344
경북,청도군,이서면,시설관리·임대,9,9,128.66016637619066,35.66831436636174
경북,청도군,이서면,예술·스포츠,5,5,128.6716505052782,35.68225864243554
경북,청도군,이서면,음식,74,74,128.67372134845095,35.67492664720799
경북,청도군,청도읍,과학·기술,46,46,128.74485473003188,35.64082863394775
경북,청도군,청도읍,교육,18,18,128.74646371547718,35.64502641550353
경북,청도군,청도읍,보건의료,10,10,128.7451533342518,35.64244056312962
경북,청도군,청도읍,부동산,16,16,128.74741243859006,35.638847086556915
경북,청도군,청도읍,소매,230,230,128.74787406648878,35.63652197997489
경북,청도군,청도읍,수리·개인,105,105,128.7467810469053,35.63865254929423
경북,청도군,청도읍,숙박,23,23,128.7657601812929,35.620723187075065
경북,청도군,청도읍,시설관리·임대,38,38,128.7477930670537,35.638926977649376
경북,청도군,청도읍,예술·스포츠,27,27,128.74516386752796,35.64073473963316
경북,청도군,청도읍,음식,377,377,128.74511602418124,35.633837550165275
경북,청도군,풍각면,과학·기술,9,9,128.59437306888276,35.64440316519573
경북,청도군,풍각면,교육,1,1,128.614303316346,35.6407927383503
경북,청도군,풍각면,부동산,12,12,128.60803364935632,35.6352593969523
경북,청도군,풍각면,소매,59,59,128.61100929740033,35.63929350902956
경북,청도군,풍각면,수리·개인,22,22,128.61763034989764,35.64097088107795
경북,청도군,풍각면,숙박,33,33,128.5888111808679,35.64019658120867
경북,청도군,풍각면,시설관리·임대,4,4,128.60402371672225,35.639399079552426
경북,청도군,풍각면,예술·스포츠,5,5,128.5868075433992,35.640404826723135
경북,청도군,풍각면,음식,108,108,128.61488598610725,35.641454625290805
경북,청도군,화양읍,과학·기술,44,44,128.72612574913725,35.657421609383896
경북,청도군,화양읍,교육,21,21,128.7215080094306,35.65666435703339
경북,청도군,화양읍,보건의료,2,2,128.736813379617,35.6486313325943
경북,청도군,화양읍,부동산,25,25,128.71544044866016,35.65810409812997
경북,청도군,화양읍,소매,104,104,128.71718040083445,35.66177091435328
경북,청도군,화양읍,수리·개인,35,35,128.72265807729457,35.65910207920225
경북,청도군,화양읍,숙박,76,76,128.7124707307866,35.67828812752699
경북,청도군,화양읍,시설관리·임대,17,17,128.7188045968221,35.65437415929845
경북,청도군,화양읍,예술·스포츠,10,10,128.7167758691923,35.65609172631444
경북,청도군,화양읍,음식,143,143,128.71749405743583,35.66700846899926
경북,청송군,부남면,교육,1,1,129.064157925358,36.3429423398506
경북,청송군,부남면,부동산,1,1,129.064213699712,36.3463201495668
경북,청송군,부남면,소매,37,37,129.07665122664662,36.33796327072748
경북,청송군,부남면,수리·개인,9,9,129.06883800812778,36.34020471326909
경북,청송군,부남면,숙박,3,3,129.09355947474066,36.32477150830263
경북,청송군,부남면,시설관리·임대,5,5,129.0926396424808,36.32303253445234
경북,청송군,부남면,예술·스포츠,1,1,129.064719042781,36.3473205423704
경북,청송군,부남면,음식,47,47,129.07034413382377,36.34028741051291
경북,청송군,안덕면,부동산,3,3,128.95767790556067,36.2877507905014
경북,청송군,안덕면,소매,27,27,128.96816980196007,36.29939938350846
경북,청송군,안덕면,수리·개인,9,9,128.95843186372835,36.29015922064606
경북,청송군,안덕면,숙박,4,4,128.9659906176055,36.31843776967388
경북,청송군,안덕면,시설관리·임대,4,4,128.97412162385024,36.31233962171417
경북,청송군,안덕면,예술·스포츠,6,6,128.96990669654585,36.324127521469435
경북,청송군,안덕면,음식,49,49,128.95737567408582,36.28880104407856
경북,청송군,주왕산면,교육,2,2,129.187611702865,36.35417474565375
경북,청송군,주왕산면,소매,44,44,129.14125987271444,36.37543493421995
경북,청송군,주왕산면,숙박,25,25,129.15297959061405,36.37318356008991
경북,청송군,주왕산면,시설관리·임대,1,1,129.2186258045,36.3169369562445
경북,청송군,주왕산면,예술·스포츠,3,3,129.12678703147034,36.384006322938
경북,청송군,주왕산면,음식,60,60,129.1505195719273,36.37673671326503
경북,청송군,진보면,과학·기술,12,12,129.05155419142216,36.53013681681127
경북,청송군,진보면,교육,6,6,129.05071186059652,36.530642529761515
경북,청송군,진보면,보건의료,1,1,129.026646227698,36.5357859602671
경북,청송군,진보면,부동산,11,11,129.04612527141464,36.52828955785897
경북,청송군,진보면,소매,151,151,129.054601254194,36.52722441448644
경북,청송군,진보면,수리·개인,55,55,129.04706921564218,36.52970163604173
경북,청송군,진보면,숙박,8,8,129.06946447740913,36.52371617167335
경북,청송군,진보면,시설관리·임대,18,18,129.04705612740744,36.530676795919895
경북,청송군,진보면,예술·스포츠,15,15,129.0551392226796,36.52661783756263
경북,청송군,진보면,음식,218,218,129.0562223720628,36.52570605798675
경북,청송군,청송읍,과학·기술,32,32,129.05758955575033,36.43382692564795
경북,청송군,청송읍,교육,4,4,129.055298445801,36.43457154576653
경북,청송군,청송읍,보건의료,2,2,129.053635866285,36.432620243289946
경북,청송군,청송읍,부동산,2,2,129.0560606276055,36.4311279035463
경북,청송군,청송읍,소매,102,102,129.05866166603712,36.43175926215799
경북,청송군,청송읍,수리·개인,36,36,129.05475006926736,36.43316237822487
경북,청송군,청송읍,숙박,20,20,129.06953076625774,36.43401109679148
경북,청송군,청송읍,시설관리·임대,16,16,129.05750840397687,36.43039332066812
경북,청송군,청송읍,예술·스포츠,15,15,129.05882282649986,36.43316256087358
경북,청송군,청송읍,음식,182,182,129.06117107707155,36.434217910783744
경북,청송군,파천면,과학·기술,1,1,129.027657312333,36.4341636906372
경북,청송군,파천면,교육,1,1,129.060061291806,36.4683600293265
경북,청송군,파천면,부동산,2,2,129.027461713198,36.4990207286827
경북,청송군,파천면,소매,12,12,129.02661335259333,36.45457638604479
경북,청송군,파천면,수리·개인,1,1,129.034552844172,36.4433086011292
경북,청송군,파천면,숙박,17,17,129.02175983096865,36.44355530361569
경북,청송군,파천면,시설관리·임대,2,2,129.04298854109499,36.45308882005125
경북,청송군,파천면,음식,10,10,129.02259183532232,36.44921665290612
경북,청송군,현동면,과학·기술,2,2,129.016275426377,36.291383962967
경북,청송군,현동면,교육,1,1,129.021347249339,36.2903882673556
경북,청송군,현동면,부동산,5,5,129.0174922514582,36.288501783262106
경북,청송군,현동면,소매,37,37,129.01879724296174,36.28746367408739
경북,청송군,현동면,수리·개인,12,12,129.01751405817618,36.289419826962934
경북,청송군,현동면,숙박,3,3,129.01279431756333,36.28686537774333
경북,청송군,현동면,예술·스포츠,4,4,129.01632574320425,36.28782402827883
경북,청송군,현동면,음식,58,58,129.0173709621585,36.28906097948898
경북,청송군,현서면,과학·기술,1,1,128.902596871181,36.2892559301068
경북,청송군,현서면,교육,3,3,128.91056260978067,36.2607175602692
경북,청송군,현서면,보건의료,1,1,128.896176335061,36.2768965428826
경북,청송군,현서면,부동산,1,1,128.893552443282,36.2802179281275
경북,청송군,현서면,소매,24,24,128.8992170214501,36.27077645169346
경북,청송군,현서면,수리·개인,11,11,128.89802998375592,36.27605758837688
경북,청송군,현서면,숙박,2,2,128.89696317668552,36.27492428547805
경북,청송군,현서면,시설관리·임대,3,3,128.89467094356,36.274772903527
경북,청송군,현서면,예술·스포츠,6,6,128.89870138003218,36.2736560782048
경북,청송군,현서면,음식,66,66,128.89756763612093,36.27194541536101
경북,칠곡군,가산면,과학·기술,15,15,128.5204440891524,36.09246790093312
경북,칠곡군,가산면,교육,6,6,128.52114611526133,36.063390574709295
경북,칠곡군,가산면,부동산,13,13,128.5328683690454,36.08507344172395
경북,칠곡군,가산면,소매,117,117,128.51594742158812,36.08871786937528
경북,칠곡군,가산면,수리·개인,17,17,128.51387879267705,36.09041451948105
경북,칠곡군,가산면,숙박,21,21,128.55877204441754,36.065020109075306
경북,칠곡군,가산면,시설관리·임대,14,14,128.51517633258177,36.0864419842006
경북,칠곡군,가산면,예술·스포츠,9,9,128.52384992680956,36.09033024775808
경북,칠곡군,가산면,음식,99,99,128.52077270857703,36.08069982078194
경북,칠곡군,기산면,과학·기술,2,2,128.37358159950952,35.98135624317485
경북,칠곡군,기산면,교육,7,7,128.35866341731872,35.98738787392856
경북,칠곡군,기산면,부동산,6,6,128.37188905683,35.98772768846448
경북,칠곡군,기산면,소매,42,42,128.36862445375772,35.981440906353455
경북,칠곡군,기산면,수리·개인,6,6,128.38057778453734,35.984073733151185
경북,칠곡군,기산면,숙박,5,5,128.3571508328698,35.99438310362012
경북,칠곡군,기산면,시설관리·임대,6,6,128.37873609444316,35.97431013555137
경북,칠곡군,기산면,예술·스포츠,3,3,128.37674430413134,35.98293061579313
경북,칠곡군,기산면,음식,29,29,128.375804589786,35.978088870401216
경북,칠곡군,동명면,과학·기술,35,35,128.5672883269711,35.992150785390145
경북,칠곡군,동명면,교육,6,6,128.57736613467168,35.9974703708175
경북,칠곡군,동명면,보건의료,3,3,128.583766492749,35.9942825864026
경북,칠곡군,동명면,부동산,19,19,128.57194030735377,35.99795157314071
경북,칠곡군,동명면,소매,137,137,128.56200577293257,35.98983699564715
경북,칠곡군,동명면,수리·개인,38,38,128.5552628579686,35.98643487686429
경북,칠곡군,동명면,숙박,52,52,128.59539936069416,36.00273864511644
경북,칠곡군,동명면,시설관리·임대,27,27,128.55518390256316,35.986382802425595
경북,칠곡군,동명면,예술·스포츠,15,15,128.57054162265706,35.98996067373208
경북,칠곡군,동명면,음식,226,226,128.57955795394912,35.997551513629766
경북,칠곡군,북삼읍,과학·기술,43,43,128.3432444291075,36.064206102800036
경북,칠곡군,북삼읍,교육,57,57,128.33950858980683,36.066047446917736
경북,칠곡군,북삼읍,보건의료,5,5,128.3455340692424,36.0675585697334
경북,칠곡군,북삼읍,부동산,35,35,128.34213657653993,36.06544494520761
경북,칠곡군,북삼읍,소매,288,288,128.3411649997869,36.065328509157375
경북,칠곡군,북삼읍,수리·개인,168,168,128.34137117561755,36.06684755075105
경북,칠곡군,북삼읍,숙박,3,3,128.31550484215833,36.06318641603897
경북,칠곡군,북삼읍,시설관리·임대,42,42,128.33774943999157,36.06283454608771
경북,칠곡군,북삼읍,예술·스포츠,63,63,128.34257733603172,36.06646413673558
경북,칠곡군,북삼읍,음식,386,386,128.33999654957347,36.06685067788525
경북,칠곡군,석적읍,과학·기술,49,49,128.4105084183364,36.072196217233184
경북,칠곡군,석적읍,교육,73,73,128.40503536584777,36.0702169097578
경북,칠곡군,석적읍,보건의료,6,6,128.4023106059685,36.076076621590595
경북,칠곡군,석적읍,부동산,48,48,128.40697943080627,36.07376210165972
경북,칠곡군,석적읍,소매,280,280,128.40920612755716,36.0731055715144
경북,칠곡군,석적읍,수리·개인,186,186,128.4082560011424,36.07448759903386
경북,칠곡군,석적읍,숙박,26,26,128.41502312763393,36.067764055787926
경북,칠곡군,석적읍,시설관리·임대,50,50,128.40951493415517,36.06961034869725
경북,칠곡군,석적읍,예술·스포츠,75,75,128.40882554210793,36.07543817444263
경북,칠곡군,석적읍,음식,503,503,128.41208019759642,36.073724754667026
경북,칠곡군,약목면,과학·기술,14,14,128.37175448808577,36.029605031678734
경북,칠곡군,약목면,교육,4,4,128.3751890148805,36.028708651275224
경북,칠곡군,약목면,보건의료,1,1,128.384133398335,36.0033989714447
경북,칠곡군,약목면,부동산,5,5,128.3747684971044,36.02217971411946
경북,칠곡군,약목면,소매,123,123,128.3697902483281,36.02886539227172
경북,칠곡군,약목면,수리·개인,56,56,128.36772396818645,36.02984692071516
경북,칠곡군,약목면,숙박,18,18,128.36192974070994,36.023475420015814
경북,칠곡군,약목면,시설관리·임대,28,28,128.37647024680274,36.027596625146394
경북,칠곡군,약목면,예술·스포츠,16,16,128.36921425889437,36.02544430074665
경북,칠곡군,약목면,음식,124,124,128.36722372969373,36.02837701296763
경북,칠곡군,왜관읍,과학·기술,133,133,128.4039780160362,35.98759465717621
경북,칠곡군,왜관읍,교육,71,71,128.4045562554278,35.988634232708556
경북,칠곡군,왜관읍,보건의료,18,18,128.4016576407189,35.97980444693973
경북,칠곡군,왜관읍,부동산,69,69,128.40655325629538,35.98403021531808
경북,칠곡군,왜관읍,소매,578,578,128.40386801198775,35.987578416344206
경북,칠곡군,왜관읍,수리·개인,285,285,128.40362795217214,35.987981550858805
경북,칠곡군,왜관읍,숙박,19,19,128.41625487006343,35.99738127016758
경북,칠곡군,왜관읍,시설관리·임대,64,64,128.41202716954942,35.98527695451391
경북,칠곡군,왜관읍,예술·스포츠,82,82,128.40330850191668,35.984648139900855
경북,칠곡군,왜관읍,음식,797,797,128.4045256847813,35.986757208617604
경북,칠곡군,지천면,과학·기술,19,19,128.47136856738058,35.95803967661859
경북,칠곡군,지천면,교육,8,8,128.49623626232312,35.94309876778547
경북,칠곡군,지천면,보건의료,1,1,128.506693312881,35.9340298929171
경북,칠곡군,지천면,부동산,16,16,128.46813965627007,35.954597391906596
경북,칠곡군,지천면,소매,100,100,128.48512599608253,35.95211435077102
경북,칠곡군,지천면,수리·개인,24,24,128.4857353525496,35.952447182133156
경북,칠곡군,지천면,숙박,11,11,128.49276168408235,35.98123161111922
경북,칠곡군,지천면,시설관리·임대,22,22,128.46835415772583,35.95384752871484
경북,칠곡군,지천면,예술·스포츠,15,15,128.48117089458268,35.954275272498506
경북,칠곡군,지천면,음식,67,67,128.4794227206321,35.958407638729646
경북,포항시 남구,구룡포읍,과학·기술,10,10,129.5561407652576,35.99100260827006
경북,포항시 남구,구룡포읍,교육,4,4,129.553147707074,35.97946582464272
경북,포항시 남구,구룡포읍,부동산,4,4,129.55066094083423,35.98190889232548
경북,포항시 남구,구룡포읍,소매,199,199,129.55482573337596,35.98803698835167
경북,포항시 남구,구룡포읍,수리·개인,48,48,129.55228787580964,35.989302341912314
경북,포항시 남구,구룡포읍,숙박,122,122,129.55651337298383,35.982433797650586
경북,포항시 남구,구룡포읍,시설관리·임대,7,7,129.55534714204072,35.98802884595937
경북,포항시 남구,구룡포읍,예술·스포츠,11,11,129.55389361720782,35.98662900631269
경북,포항시 남구,구룡포읍,음식,300,300,129.555059139328,35.98749622739273
경북,포항시 남구,대송면,과학·기술,13,13,129.36359791852868,35.966840906703496
경북,포항시 남구,대송면,교육,4,4,129.36154813410425,35.97804068404925
경북,포항시 남구,대송면,부동산,9,9,129.35991536173776,35.96397535298345
경북,포항시 남구,대송면,소매,67,67,129.36323859386138,35.975897083690576
경북,포항시 남구,대송면,수리·개인,58,58,129.36339800485078,35.97723666035007
경북,포항시 남구,대송면,숙박,1,1,129.363433710829,35.9679507190086
경북,포항시 남구,대송면,시설관리·임대,27,27,129.36861926482726,35.96779806466239
경북,포항시 남구,대송면,예술·스포츠,5,5,129.36228445885098,35.97853479828778
경북,포항시 남구,대송면,음식,79,79,129.36449626437792,35.971427838100055
경북,포항시 남구,대이동,과학·기술,140,140,129.34204269166256,36.01900396265104
경북,포항시 남구,대이동,교육,149,149,129.3401802635326,36.02448738991877
경북,포항시 남구,대이동,보건의료,23,23,129.3400949375296,36.02273511026259
경북,포항시 남구,대이동,부동산,61,61,129.34200284044223,36.020215920964915
경북,포항시 남구,대이동,소매,303,303,129.3406177928861,36.02127329367557
경북,포항시 남구,대이동,수리·개인,231,231,129.3412651289917,36.021921059256414
경북,포항시 남구,대이동,숙박,50,50,129.34638721942855,36.01379418423746
경북,포항시 남구,대이동,시설관리·임대,49,49,129.34125778701377,36.01990269084016
경북,포항시 남구,대이동,예술·스포츠,110,110,129.340228995155,36.02390649673214
경북,포항시 남구,대이동,음식,609,609,129.34105592271177,36.0220336380079
경북,포항시 남구,동해면,과학·기술,10,10,129.45206702195068,35.9880928548925
경북,포항시 남구,동해면,교육,8,8,129.45239899593437,35.98959504767568
경북,포항시 남구,동해면,부동산,17,17,129.45372754453822,35.98848675026157
경북,포항시 남구,동해면,소매,112,112,129.45334654409461,35.99028642119884
경북,포항시 남구,동해면,수리·개인,48,48,129.44685395403727,35.98881107853949
경북,포항시 남구,동해면,숙박,43,43,129.47959549004585,36.01196717878292
경북,포항시 남구,동해면,시설관리·임대,8,8,129.453501811053,35.98456098672344
경북,포항시 남구,동해면,예술·스포츠,9,9,129.44708444810377,35.987947651954904
경북,포항시 남구,동해면,음식,168,168,129.45295459706617,35.99074046190679
경북,포항시 남구,상대동,과학·기술,182,182,129.35963364897728,36.01591398421069
경북,포항시 남구,상대동,교육,51,51,129.35886326406202,36.01552519450787
경북,포항시 남구,상대동,보건의료,22,22,129.35538985561126,36.01497055053779
경북,포항시 남구,상대동,부동산,52,52,129.359284216787,36.016383777593
경북,포항시 남구,상대동,소매,510,510,129.35777719493672,36.01549434784395
경북,포항시 남구,상대동,수리·개인,330,330,129.35852662426632,36.0156568367124
경북,포항시 남구,상대동,숙박,27,27,129.3527076992683,36.01301681282361
경북,포항시 남구,상대동,시설관리·임대,113,113,129.35920786365955,36.01541634640908
경북,포항시 남구,상대동,예술·스포츠,115,115,129.35892214749333,36.01565015871454
경북,포항시 남구,상대동,음식,744,744,129.3588336122497,36.0156776102324
경북,포항시 남구,송도동,과학·기술,20,20,129.375914501249,36.03349680039583
경북,포항시 남구,송도동,교육,14,14,129.37612339100542,36.034888222895276
경북,포항시 남구,송도동,보건의료,1,1,129.377791877319,36.0330879405422
경북,포항시 남구,송도동,부동산,6,6,129.37563831676383,36.031619979412
경북,포항시 남구,송도동,소매,143,143,129.37608939580423,36.033550438186694
경북,포항시 남구,송도동,수리·개인,89,89,129.37521664223794,36.03340878036989
경북,포항시 남구,송도동,숙박,10,10,129.37670620798798,36.03424289942631
경북,포항시 남구,송도동,시설관리·임대,27,27,129.3750934754526,36.03391027251486
경북,포항시 남구,송도동,예술·스포츠,16,16,129.37525218582738,36.034397985622775
경북,포항시 남구,송도동,음식,194,194,129.3765602770711,36.03475339469124
경북,포항시 남구,연일읍,과학·기술,68,68,129.33952773347306,35.997446172113825
경북,포항시 남구,연일읍,교육,92,92,129.3318694576039,36.00086684023018
경북,포항시 남구,연일읍,보건의료,7,7,129.32459585448171,35.99952595663027
경북,포항시 남구,연일읍,부동산,30,30,129.33317200091176,36.0028849300664
경북,포항시 남구,연일읍,소매,264,264,129.33753731051817,35.99938430478413
경북,포항시 남구,연일읍,수리·개인,220,220,129.33946957887642,35.99843906791716
경북,포항시 남구,연일읍,숙박,3,3,129.3204604127237,36.01158343388857
경북,포항시 남구,연일읍,시설관리·임대,48,48,129.338816629228,35.99762575986167
경북,포항시 남구,연일읍,예술·스포츠,59,59,129.33405103849375,35.99955683860808
경북,포항시 남구,연일읍,음식,417,417,129.33737232545036,35.99910525911779
경북,포항시 남구,오천읍,과학·기술,93,93,129.4070100372591,35.967269601235785
경북,포항시 남구,오천읍,교육,119,119,129.40556829158103,35.969186746159906
경북,포항시 남구,오천읍,보건의료,25,25,129.4052467989614,35.96966981559176
경북,포항시 남구,오천읍,부동산,64,64,129.4059895745581,35.96798533296695
경북,포항시 남구,오천읍,소매,712,712,129.4081921464032,35.96798143891792
경북,포항시 남구,오천읍,수리·개인,469,469,129.40706972431545,35.96862484256321
경북,포항시 남구,오천읍,숙박,45,45,129.39987872417976,35.95581418849197
경북,포항시 남구,오천읍,시설관리·임대,66,66,129.40837873578417,35.96536143908407
경북,포항시 남구,오천읍,예술·스포츠,148,148,129.40544476730892,35.96772014070049
경북,포항시 남구,오천읍,음식,1252,1252,129.40605627821213,35.96693810721455
경북,포항시 남구,장기면,과학·기술,3,3,129.51005215698333,35.902215312192766
경북,포항시 남구,장기면,교육,3,3,129.512028810326,35.8972537490139
경북,포항시 남구,장기면,보건의료,1,1,129.517699659756,35.8798587957758
경북,포항시 남구,장기면,부동산,1,1,129.517428502428,35.878287771875
경북,포항시 남구,장기면,소매,59,59,129.50437979329396,35.900287579684814
경북,포항시 남구,장기면,수리·개인,9,9,129.48968911962288,35.904260019863386
경북,포항시 남구,장기면,숙박,73,73,129.52060963341785,35.89748575747819
경북,포항시 남구,장기면,시설관리·임대,5,5,129.49928885609862,35.9065059973205
경북,포항시 남구,장기면,예술·스포츠,7,7,129.4940257183883,35.89708024713888
경북,포항시 남구,장기면,음식,97,97,129.5119680702213,35.89104134047597
경북,포항시 남구,제철동,과학·기술,10,10,129.3880905568527,35.98614139759206
경북,포항시 남구,제철동,교육,5,5,129.4022376877364,35.98508780645902
경북,포항시 남구,제철동,부동산,1,1,129.40516460726,35.9844381176231
경북,포항시 남구,제철동,소매,95,95,129.38981358942016,35.99019193442709
경북,포항시 남구,제철동,수리·개인,33,33,129.38560447313122,35.98864349239508
경북,포항시 남구,제철동,시설관리·임대,32,32,129.38571834882725,35.988975455748815
경북,포항시 남구,제철동,예술·스포츠,4,4,129.3831537336475,35.98508774507172
경북,포항시 남구,제철동,음식,95,95,129.38972883201652,35.98785253328871
경북,포항시 남구,청림동,과학·기술,6,6,129.4103933963255,35.99312052264968
경북,포항시 남구,청림동,교육,4,4,129.40990126328802,35.99328068516438
경북,포항시 남구,청림동,부동산,1,1,129.406234076468,35.9908136740096
경북,포항시 남구,청림동,소매,63,63,129.41117525089268,35.993767678510764
경북,포항시 남구,청림동,수리·개인,48,48,129.40772366059198,35.993639227728266
경북,포항시 남구,청림동,시설관리·임대,9,9,129.40815506210566,35.99475539337996
경북,포항시 남구,청림동,예술·스포츠,14,14,129.41001001169428,35.99391426247059
경북,포항시 남구,청림동,음식,97,97,129.40862533385908,35.99424886385569
경북,포항시 남구,해도동,과학·기술,114,114,129.36997487371437,36.02231793204595
경북,포항시 남구,해도동,교육,19,19,129.37017167717863,36.02336211403212
경북,포항시 남구,해도동,보건의료,6,6,129.36935144242418,36.01998051169756
경북,포항시 남구,해도동,부동산,23,23,129.3706149488068,36.02338345024991
경북,포항시 남구,해도동,소매,341,341,129.370426645643,36.02228050567137
경북,포항시 남구,해도동,수리·개인,160,160,129.37063906391595,36.02236294905113
경북,포항시 남구,해도동,숙박,34,34,129.3692581455063,36.01878225700067
경북,포항시 남구,해도동,시설관리·임대,76,76,129.36999089521345,36.022009820910604
경북,포항시 남구,해도동,예술·스포츠,59,59,129.370923512755,36.02218900449397
경북,포항시 남구,해도동,음식,483,483,129.37054363903894,36.022274949295536
경북,포항시 남구,호미곶면,과학·기술,2,2,129.567291539623,36.073644436976
경북,포항시 남구,호미곶면,교육,3,3,129.57366728248,36.0513907608923
경북,포항시 남구,호미곶면,부동산,1,1,129.567924953301,36.0678693285841
경북,포항시 남구,호미곶면,소매,43,43,129.5635698354144,36.06994177083695
경북,포항시 남구,호미곶면,수리·개인,1,1,129.560275539535,36.0787092613317
경북,포항시 남구,호미곶면,숙박,68,68,129.5661225133142,36.06333715192962
경북,포항시 남구,호미곶면,시설관리·임대,1,1,129.567514836138,36.0668600531954
경북,포항시 남구,호미곶면,예술·스포츠,6,6,129.566000109059,36.0703054243399
경북,포항시 남구,호미곶면,음식,66,66,129.56211813666366,36.0726116151528
경북,포항시 남구,효곡동,과학·기술,50,50,129.3347833442172,36.00973897035692
경북,포항시 남구,효곡동,교육,94,94,129.33606890763153,36.00803707186836
경북,포항시 남구,효곡동,보건의료,3,3,129.33588703138466,36.00740756070824
경북,포항시 남구,효곡동,부동산,37,37,129.3357591156741,36.007845621120886
경북,포항시 남구,효곡동,소매,210,210,129.33458628021546,36.00894271560041
경북,포항시 남구,효곡동,수리·개인,170,170,129.33619315786132,36.00780001358991
경북,포항시 남구,효곡동,숙박,3,3,129.33972995546569,36.005737939769034
경북,포항시 남구,효곡동,시설관리·임대,20,20,129.33337127893995,36.011194759380764
경북,포항시 남구,효곡동,예술·스포츠,58,58,129.33626443823258,36.007368316928115
경북,포항시 남구,효곡동,음식,478,478,129.3347017070439,36.008421017693806
경북,포항시 북구,기계면,과학·기술,10,10,129.19965703612132,36.07667574048091
경북,포항시 북구,기계면,교육,2,2,129.157841202639,36.0853865408036
경북,포항시 북구,기계면,부동산,8,8,129.21347128306613,36.068301246601635
경북,포항시 북구,기계면,소매,75,75,129.19886194574184,36.07356511517352
경북,포항시 북구,기계면,수리·개인,20,20,129.20318173544405,36.07114184691346
경북,포항시 북구,기계면,숙박,15,15,129.18852583849375,36.07870195687488
경북,포항시 북구,기계면,시설관리·임대,8,8,129.20549897579988,36.06607209204024
경북,포항시 북구,기계면,예술·스포츠,13,13,129.2011717255574,36.07357291747924
경북,포항시 북구,기계면,음식,108,108,129.20648841039858,36.07043798665772
경북,포항시 북구,기북면,부동산,2,2,129.18323217075448,36.156750270012154
경북,포항시 북구,기북면,소매,11,11,129.16906237317028,36.13308138264449
경북,포항시 북구,기북면,수리·개인,1,1,129.16672596283,36.1296606400067
경북,포항시 북구,기북면,숙박,2,2,129.1846925758225,36.157148358286
경북,포항시 북구,기북면,음식,9,9,129.17173313067823,36.137242286645886
경북,포항시 북구,두호동,과학·기술,36,36,129.3782338617767,36.06352262567759
경북,포항시 북구,두호동,교육,69,69,129.3748144360477,36.06336026528294
경북,포항시 북구,두호동,보건의료,17,17,129.37786627989684,36.062562433835744
경북,포항시 북구,두호동,부동산,44,44,129.3763611320086,36.06201147834242
경북,포항시 북구,두호동,소매,238,238,129.37725238181486,36.06313415351137
경북,포항시 북구,두호동,수리·개인,168,168,129.3769869630722,36.063086943879924
경북,포항시 북구,두호동,숙박,38,38,129.3800287748264,36.06169125715382
경북,포항시 북구,두호동,시설관리·임대,19,19,129.378222373589,36.06192464980559
경북,포항시 북구,두호동,예술·스포츠,76,76,129.3767280334828,36.0627210690478
경북,포항시 북구,두호동,음식,524,524,129.3779035464704,36.06233878935518
경북,포항시 북구,송라면,과학·기술,3,3,129.37601930418768,36.22841225799387
경북,포항시 북구,송라면,교육,3,3,129.35889591009536,36.23198186969397
경북,포항시 북구,송라면,보건의료,1,1,129.343798058772,36.2285139227884
경북,포항시 북구,송라면,부동산,2,2,129.36371241041752,36.235077314904046
경북,포항시 북구,송라면,소매,53,53,129.35199942206597,36.236606511516605
경북,포항시 북구,송라면,수리·개인,8,8,129.35421526369112,36.23105986665315
경북,포항시 북구,송라면,숙박,92,92,129.37106979952915,36.23828191256956
경북,포항시 북구,송라면,시설관리·임대,7,7,129.36591589939601,36.23083974126496
경북,포항시 북구,송라면,예술·스포츠,3,3,129.37837971885668,36.24349885740717
경북,포항시 북구,송라면,음식,115,115,129.35053356179455,36.236311677593484
경북,포항시 북구,신광면,과학·기술,3,3,129.27535614780666,36.12814620853813
경북,포항시 북구,신광면,교육,3,3,129.28607176900434,36.13684386969813
경북,포항시 북구,신광면,부동산,3,3,129.26263531743268,36.128505221799436
경북,포항시 북구,신광면,소매,27,27,129.2631162894647,36.13228414338572
경북,포항시 북구,신광면,수리·개인,7,7,129.27132253213156,36.12896989033463
경북,포항시 북구,신광면,숙박,7,7,129.2738247608517,36.13843120891455
경북,포항시 북구,신광면,시설관리·임대,1,1,129.297961041866,36.1178524090925
경북,포항시 북구,신광면,예술·스포츠,3,3,129.25782612562168,36.1398941403463
경북,포항시 북구,신광면,음식,41,41,129.2733003719007,36.12721838539945
경북,포항시 북구,양학동,과학·기술,18,18,129.34995528154678,36.025304794803496
경북,포항시 북구,양학동,교육,24,24,129.34603132117283,36.02938490544802
경북,포항시 북구,양학동,보건의료,5,5,129.34849268275258,36.02714426407912
경북,포항시 북구,양학동,부동산,30,30,129.34821868290956,36.027630726258586
경북,포항시 북구,양학동,소매,125,125,129.34724242645837,36.027959032340895
경북,포항시 북구,양학동,수리·개인,75,75,129.34785887206345,36.02747738241178
경북,포항시 북구,양학동,시설관리·임대,7,7,129.34877592454785,36.027412277394184
경북,포항시 북구,양학동,예술·스포츠,16,16,129.34894808088706,36.027718587323236
경북,포항시 북구,양학동,음식,140,140,129.34774975302767,36.027788036957205
경북,포항시 북구,용흥동,과학·기술,55,55,129.35548748741115,36.03237999835844
경북,포항시 북구,용흥동,교육,31,31,129.3528759156211,36.03819623059708
경북,포항시 북구,용흥동,보건의료,2,2,129.3537444864175,36.03034158662905
경북,포항시 북구,용흥동,부동산,36,36,129.35491027678324,36.031681162562734
경북,포항시 북구,용흥동,소매,177,177,129.35374177926406,36.03574401335297
경북,포항시 북구,용흥동,수리·개인,133,133,129.35402482217407,36.035922016950046
경북,포항시 북구,용흥동,숙박,5,5,129.3584105864374,36.03040212631186
경북,포항시 북구,용흥동,시설관리·임대,23,23,129.35448542328584,36.03579856914521
경북,포항시 북구,용흥동,예술·스포츠,27,27,129.3533096032404,36.03873612962671
경북,포항시 북구,용흥동,음식,149,149,129.35331116806353,36.03675208447755
경북,포항시 북구,우창동,과학·기술,37,37,129.36479172209349,36.0571248439304
경북,포항시 북구,우창동,교육,56,56,129.36501221005045,36.05950382676282
경북,포항시 북구,우창동,보건의료,12,12,129.3664635980251,36.05978762980095
경북,포항시 북구,우창동,부동산,45,45,129.36450979787426,36.057427051810734
경북,포항시 북구,우창동,소매,217,217,129.36460640509907,36.05894096857583
경북,포항시 북구,우창동,수리·개인,181,181,129.36420858767224,36.05897847425347
경북,포항시 북구,우창동,숙박,4,4,129.3664132233925,36.0594665614548
경북,포항시 북구,우창동,시설관리·임대,19,19,129.36380577805005,36.05965099293295
경북,포항시 북구,우창동,예술·스포츠,49,49,129.3628593734657,36.05753423841334
경북,포항시 북구,우창동,음식,261,261,129.36468725642587,36.05868085652093
경북,포항시 북구,장량동,과학·기술,254,254,129.38893668714854,36.082473036303305
경북,포항시 북구,장량동,교육,272,272,129.39126538336043,36.0818971701336
경북,포항시 북구,장량동,보건의료,42,42,129.3880102992227,36.08090967782167
경북,포항시 북구,장량동,부동산,173,173,129.38825642734474,36.08005706793429
경북,포항시 북구,장량동,소매,689,689,129.38989044726952,36.08006275304241
경북,포항시 북구,장량동,수리·개인,590,590,129.3900317745582,36.08040305518369
경북,포항시 북구,장량동,숙박,26,26,129.38924499149115,36.07916427054106
경북,포항시 북구,장량동,시설관리·임대,121,121,129.3889020901983,36.08031882323616
경북,포항시 북구,장량동,예술·스포츠,200,200,129.39093734215004,36.08046831252077
경북,포항시 북구,장량동,음식,1135,1135,129.39091041346424,36.08093965901864
경북,포항시 북구,죽도동,과학·기술,129,129,129.35973677976202,36.02594452458734
경북,포항시 북구,죽도동,교육,41,41,129.35820214814055,36.024453752401435
경북,포항시 북구,죽도동,보건의료,39,39,129.36027518467714,36.026549593078684
경북,포항시 북구,죽도동,부동산,34,34,129.3587434121077,36.02570300231461
경북,포항시 북구,죽도동,소매,926,926,129.36375655532774,36.03131924299629
경북,포항시 북구,죽도동,수리·개인,258,258,129.3592671598192,36.02595444058353
경북,포항시 북구,죽도동,숙박,45,45,129.359081192634,36.02587922303992
경북,포항시 북구,죽도동,시설관리·임대,101,101,129.35812359942284,36.02517480943433
경북,포항시 북구,죽도동,예술·스포츠,72,72,129.3595677199794,36.025060781376276
경북,포항시 북구,죽도동,음식,847,847,129.36029696999228,36.02677637555973
경북,포항시 북구,죽장면,과학·기술,1,1,129.086122753029,36.1346512367927
경북,포항시 북구,죽장면,교육,2,2,129.2116612247215,36.236427391644796
경북,포항시 북구,죽장면,보건의료,1,1,129.035379775794,36.1701965106721
경북,포항시 북구,죽장면,부동산,1,1,129.095527730757,36.160833013737
경북,포항시 북구,죽장면,소매,30,30,129.1313714884675,36.19327928571626
경북,포항시 북구,죽장면,수리·개인,6,6,129.11518935519334,36.17666573395737
경북,포항시 북구,죽장면,숙박,20,20,129.15898630067664,36.22209025513962
경북,포항시 북구,죽장면,시설관리·임대,3,3,129.11030604974167,36.22316766034507
경북,포항시 북구,죽장면,예술·스포츠,4,4,129.11927188190126,36.1983363288958
경북,포항시 북구,죽장면,음식,47,47,129.1079067473867,36.173900122439385
경북,포항시 북구,중앙동,과학·기술,210,210,129.3664669953841,36.042991768396604
경북,포항시 북구,중앙동,교육,57,57,129.36754537099574,36.04390502592474
경북,포항시 북구,중앙동,보건의료,15,15,129.3661488834048,36.04167893334837
경북,포항시 북구,중앙동,부동산,42,42,129.36892749908387,36.04596047529782
경북,포항시 북구,중앙동,소매,857,857,129.36687729105554,36.04318745629037
경북,포항시 북구,중앙동,수리·개인,243,243,129.3674970748315,36.0444453622321
경북,포항시 북구,중앙동,숙박,74,74,129.37033821604592,36.04498231320137
경북,포항시 북구,중앙동,시설관리·임대,74,74,129.367640443469,36.0443109921154
경북,포항시 북구,중앙동,예술·스포츠,70,70,129.3674112947443,36.042946023088525
경북,포항시 북구,중앙동,음식,659,659,129.368364867424,36.04389081865067
경북,포항시 북구,청하면,과학·기술,13,13,129.3514698882906,36.18833804472173
경북,포항시 북구,청하면,교육,5,5,129.3411379058818,36.189774751247185
경북,포항시 북구,청하면,부동산,4,4,129.36925827978325,36.1890151087899
경북,포항시 북구,청하면,소매,75,75,129.34927736010042,36.189926793171274
경북,포항시 북구,청하면,수리·개인,16,16,129.340778212361,36.19258326665672
경북,포항시 북구,청하면,숙박,118,118,129.37698185275457,36.188521967828116
경북,포항시 북구,청하면,시설관리·임대,11,11,129.36682044893527,36.18902676398042
경북,포항시 북구,청하면,예술·스포츠,12,12,129.36107079171308,36.19384266827469
경북,포항시 북구,청하면,음식,131,131,129.35372817046064,36.194162184358774
경북,포항시 북구,환여동,과학·기술,20,20,129.39806336744084,36.07093097714801
경북,포항시 북구,환여동,교육,24,24,129.3944610188221,36.0701602089863
경북,포항시 북구,환여동,부동산,15,15,129.3952023073884,36.06971803244577
경북,포항시 북구,환여동,소매,87,87,129.3971076086704,36.07026317662984
경북,포항시 북구,환여동,수리·개인,42,42,129.394754447039,36.069385368533446
경북,포항시 북구,환여동,숙박,15,15,129.40397342267073,36.07266514919938
경북,포항시 북구,환여동,시설관리·임대,10,10,129.39644591510051,36.06991249539135
경북,포항시 북구,환여동,예술·스포츠,8,8,129.395973670877,36.06939012902196
경북,포항시 북구,환여동,음식,110,110,129.39921518744973,36.07025300411235
경북,포항시 북구,흥해읍,과학·기술,68,68,129.3502863747785,36.10111181042015
경북,포항시 북구,흥해읍,교육,133,133,129.34370049629055,36.09289061344902
경북,포항시 북구,흥해읍,보건의료,14,14,129.3445786226998,36.10158087282001
경북,포항시 북구,흥해읍,부동산,83,83,129.34141480925356,36.09535371673239
경북,포항시 북구,흥해읍,소매,555,555,129.34992798472123,36.102485994111895
경북,포항시 북구,흥해읍,수리·개인,241,241,129.34381317539732,36.0980398792777
경북,포항시 북구,흥해읍,숙박,89,89,129.38919771543593,36.13772879412127
경북,포항시 북구,흥해읍,시설관리·임대,93,93,129.3566209375958,36.097809545068856
경북,포항시 북구,흥해읍,예술·스포츠,65,65,129.3467975421338,36.0979761531192
경북,포항시 북구,흥해읍,음식,820,820,129.34886801706313,36.09955765093018
대구,군위군,군위읍,과학·기술,60,60,128.56859259122737,36.2337728208681
대구,군위군,군위읍,교육,17,17,128.57022793058763,36.2387503684438
대구,군위군,군위읍,보건의료,3,3,128.56715451530167,36.23743062661463
대구,군위군,군위읍,부동산,27,27,128.56565084012777,36.23731623815914
대구,군위군,군위읍,소매,168,168,128.56739060308473,36.23416240530857
대구,군위군,군위읍,수리·개인,57,57,128.56809652983898,36.23322349305937
대구,군위군,군위읍,숙박,7,7,128.5649886472453,36.239805916863
대구,군위군,군위읍,시설관리·임대,19,19,128.56540097267452,36.23142408038205
대구,군위군,군위읍,예술·스포츠,17,17,128.566822694676,36.231543934756935
대구,군위군,군위읍,음식,184,184,128.56681337821448,36.237589240409946
대구,군위군,부계면,과학·기술,4,4,128.64136514689224,36.041296667046495
대구,군위군,부계면,교육,1,1,128.638106872268,36.0348468017543
대구,군위군,부계면,부동산,9,9,128.65771613589666,36.076194109558735
대구,군위군,부계면,소매,25,25,128.65975867933815,36.06780414495808
대구,군위군,부계면,수리·개인,5,5,128.6637089625014,36.08457760608458
대구,군위군,부계면,숙박,29,29,128.64810596658816,36.04750393936312
대구,군위군,부계면,시설관리·임대,2,2,128.66918425863201,36.08013542693275
대구,군위군,부계면,예술·스포츠,5,5,128.6633109667648,36.07005613534834
대구,군위군,부계면,음식,76,76,128.6516523376429,36.060303480160336
대구,군위군,산성면,과학·기술,1,1,128.695834959146,36.1270285413592
대구,군위군,산성면,소매,13,13,128.70292848431023,36.09661283878673
대구,군위군,산성면,수리·개인,2,2,128.69523995512702,36.125960158970045
대구,군위군,산성면,숙박,3,3,128.70377036965033,36.12359944135277
대구,군위군,산성면,시설관리·임대,1,1,128.703307812626,36.0832103569678
대구,군위군,산성면,예술·스포츠,3,3,128.70101794108066,36.13280289455113
대구,군위군,산성면,음식,22,22,128.69888552563887,36.12023919247471
대구,군위군,삼국유사면,교육,1,1,128.780299926099,36.1051498322595
대구,군위군,삼국유사면,소매,6,6,128.77574192359216,36.131560498038986
대구,군위군,삼국유사면,수리·개인,1,1,128.815399065794,36.1499651264876
대구,군위군,삼국유사면,숙박,10,10,128.7825007721362,36.11386218963216
대구,군위군,삼국유사면,시설관리·임대,2,2,128.772676550797,36.11690736295085
대구,군위군,삼국유사면,예술·스포츠,2,2,128.7798793108185,36.105701238904146
대구,군위군,삼국유사면,음식,14,14,128.79648586434593,36.13605962571465
대구,군위군,소보면,과학·기술,4,4,128.46254236515026,36.273092301925274
대구,군위군,소보면,교육,3,3,128.496698810389,36.2611924770078
대구,군위군,소보면,부동산,3,3,128.47586974266832,36.2553493364341
대구,군위군,소보면,소매,18,18,128.47621880573405,36.25960282556881
대구,군위군,소보면,수리·개인,3,3,128.49036728719534,36.266735493864
대구,군위군,소보면,숙박,2,2,128.4474287495845,36.30060707626265
대구,군위군,소보면,시설관리·임대,1,1,128.475633382744,36.2546133486753
대구,군위군,소보면,예술·스포츠,3,3,128.48087018088532,36.2703028338588
대구,군위군,소보면,음식,26,26,128.47806915752147,36.25700718842408
대구,군위군,우보면,과학·기술,3,3,128.67427980070966,36.173653705551295
대구,군위군,우보면,부동산,2,2,128.6632044722885,36.194743766811555
대구,군위군,우보면,소매,17,17,128.6617622694009,36.18536638641694
대구,군위군,우보면,수리·개인,6,6,128.66528232310984,36.19513387091733
대구,군위군,우보면,숙박,2,2,128.6608606829085,36.1866890071737
대구,군위군,우보면,시설관리·임대,2,2,128.673554466506,36.1775912325258
대구,군위군,우보면,예술·스포츠,1,1,128.663374445471,36.1946332739522
대구,군위군,우보면,음식,15,15,128.664620693447,36.19542271625171
대구,군위군,의흥면,과학·기술,2,2,128.701263303263,36.160832538197
대구,군위군,의흥면,부동산,3,3,128.718072599223,36.1737513044409
대구,군위군,의흥면,소매,30,30,128.71859890136062,36.171040581388475
대구,군위군,의흥면,수리·개인,9,9,128.71935333669333,36.17126063467002
대구,군위군,의흥면,숙박,3,3,128.70653755383168,36.16610365808037
대구,군위군,의흥면,예술·스포츠,4,4,128.715669083247,36.1740418330626
대구,군위군,의흥면,음식,41,41,128.71542821181188,36.172007242868965
대구,군위군,효령면,과학·기술,8,8,128.5874078626441,36.13774507095906
대구,군위군,효령면,교육,4,4,128.61402534698925,36.14217069693978
대구,군위군,효령면,부동산,5,5,128.58964352257118,36.12659612176608
대구,군위군,효령면,소매,43,43,128.5883747627525,36.133670448160764
대구,군위군,효령면,수리·개인,16,16,128.5857473442233,36.14083834299996
대구,군위군,효령면,숙박,10,10,128.5862813193849,36.1151296779379
대구,군위군,효령면,시설관리·임대,4,4,128.581057017668,36.124246387140104
대구,군위군,효령면,예술·스포츠,1,1,128.574717948695,36.1235911319828
대구,군위군,효령면,음식,49,49,128.58266104855397,36.141859751274275
대구,남구,대명10동,과학·기술,96,96,128.56668865720738,35.840102272082326
대구,남구,대명10동,교육,11,11,128.56687755514182,35.83992928622677
대구,남구,대명10동,보건의료,7,7,128.5686937827493,35.840069985934186
대구,남구,대명10동,부동산,18,18,128.56910542481376,35.840162889871216
대구,남구,대명10동,소매,122,122,128.56753871204415,35.840386799619935
대구,남구,대명10동,수리·개인,126,126,128.56852727759306,35.84064793757285
대구,남구,대명10동,숙박,8,8,128.5679742593809,35.840615063508565
대구,남구,대명10동,시설관리·임대,29,29,128.56581531653626,35.840386474204124
대구,남구,대명10동,예술·스포츠,22,22,128.56631178999166,35.839783388206634
대구,남구,대명10동,음식,211,211,128.56713094211742,35.840098924033455
대구,남구,대명11동,과학·기술,58,58,128.56046314610998,35.83405099624034
대구,남구,대명11동,교육,11,11,128.5595676947711,35.83425790767934
대구,남구,대명11동,보건의료,9,9,128.5572383228171,35.83542112509586
대구,남구,대명11동,부동산,8,8,128.559581707316,35.83485565831691
대구,남구,대명11동,소매,275,275,128.55860930706632,35.834875065822175
대구,남구,대명11동,수리·개인,68,68,128.5602839985198,35.834526830437625
대구,남구,대명11동,숙박,3,3,128.559520381307,35.8347877412512
대구,남구,대명11동,시설관리·임대,18,18,128.56028460476605,35.83469371131593
대구,남구,대명11동,예술·스포츠,12,12,128.559784912096,35.83412043700434
대구,남구,대명11동,음식,152,152,128.55888476822886,35.83493762010743
대구,남구,대명1동,과학·기술,48,48,128.57591480426538,35.84277880112857
대구,남구,대명1동,교육,10,10,128.57715235357767,35.842887822792946
대구,남구,대명1동,보건의료,3,3,128.57951136904833,35.840792621992996
대구,남구,대명1동,부동산,20,20,128.5768333767372,35.841256867996506
대구,남구,대명1동,소매,63,63,128.57632315243447,35.84207533764457
대구,남구,대명1동,수리·개인,63,63,128.5756616243973,35.84245134590985
대구,남구,대명1동,숙박,5,5,128.5758640818164,35.8421621872686
대구,남구,대명1동,시설관리·임대,14,14,128.57648560509986,35.84292901476705
대구,남구,대명1동,예술·스포츠,10,10,128.5764115104226,35.84163593194051
대구,남구,대명1동,음식,104,104,128.57625442569628,35.84196816466378
대구,남구,대명2동,과학·기술,87,87,128.58917584654208,35.853312280822394
대구,남구,대명2동,교육,43,43,128.59028535112893,35.85343852391786
대구,남구,대명2동,보건의료,7,7,128.59013360075127,35.853340208960326
대구,남구,대명2동,부동산,33,33,128.5902976888085,35.85307056353536
대구,남구,대명2동,소매,184,184,128.5899026098604,35.853425944629734
대구,남구,대명2동,수리·개인,97,97,128.5891042128817,35.852765097895116
대구,남구,대명2동,숙박,13,13,128.5896498375213,35.85332737573646
대구,남구,대명2동,시설관리·임대,38,38,128.58982890343265,35.85308316696866
대구,남구,대명2동,예술·스포츠,11,11,128.58988269968953,35.853301630703875
대구,남구,대명2동,음식,286,286,128.58912135009967,35.853558343678195
대구,남구,대명3동,과학·기술,120,120,128.5799286825074,35.85389423182223
대구,남구,대명3동,교육,35,35,128.5804686972376,35.854265898145904
대구,남구,대명3동,보건의료,5,5,128.58158127644361,35.85117244534128
대구,남구,대명3동,부동산,36,36,128.58035587688727,35.85532401253311
대구,남구,대명3동,소매,218,218,128.57957556770643,35.85473438164027
대구,남구,대명3동,수리·개인,112,112,128.57995540247813,35.85367346008435
대구,남구,대명3동,숙박,7,7,128.58070149157942,35.85535192006314
대구,남구,대명3동,시설관리·임대,45,45,128.5806394330074,35.853763901193496
대구,남구,대명3동,예술·스포츠,38,38,128.58126542943822,35.855456652484335
대구,남구,대명3동,음식,328,328,128.58051044187334,35.85451593075451
대구,남구,대명4동,과학·기술,64,64,128.57036772384373,35.846311355290595
대구,남구,대명4동,교육,6,6,128.57189306810218,35.84844111623827
대구,남구,대명4동,보건의료,6,6,128.57030575102684,35.84839881514892
대구,남구,대명4동,부동산,17,17,128.57217779939197,35.84716567423135
대구,남구,대명4동,소매,190,190,128.57073298268136,35.84764415986152
대구,남구,대명4동,수리·개인,99,99,128.57229308740995,35.84753054419996
대구,남구,대명4동,숙박,9,9,128.56811009560533,35.845756051560365
대구,남구,대명4동,시설관리·임대,25,25,128.5709951729812,35.846913667473494
대구,남구,대명4동,예술·스포츠,23,23,128.57000168483498,35.8474350271289
대구,남구,대명4동,음식,196,196,128.56965028098108,35.84711057812579
대구,남구,대명5동,과학·기술,63,63,128.5855236828364,35.844934615079694
대구,남구,대명5동,교육,27,27,128.58449078295345,35.84507220193581
대구,남구,대명5동,보건의료,8,8,128.5884878175515,35.844925802399615
대구,남구,대명5동,부동산,22,22,128.58588627363235,35.84385183947462
대구,남구,대명5동,소매,123,123,128.58618672596077,35.84489438983267
대구,남구,대명5동,수리·개인,80,80,128.58568542794944,35.84419501668139
대구,남구,대명5동,숙박,8,8,128.585372969899,35.84489368229211
대구,남구,대명5동,시설관리·임대,28,28,128.5851616397408,35.843867225597265
대구,남구,대명5동,예술·스포츠,20,20,128.5857773785839,35.8446653198985
대구,남구,대명5동,음식,228,228,128.58688296796515,35.84491092530061
대구,남구,대명6동,과학·기술,93,93,128.56637972039917,35.837164085214845
대구,남구,대명6동,교육,32,32,128.5667184179548,35.837360950105435
대구,남구,대명6동,보건의료,10,10,128.5656513456414,35.83745563430648
대구,남구,대명6동,부동산,35,35,128.56540229898877,35.83656246219261
대구,남구,대명6동,소매,137,137,128.56677814650402,35.83661513068966
대구,남구,대명6동,수리·개인,87,87,128.56716488171006,35.83666396647266
대구,남구,대명6동,숙박,5,5,128.56589160778302,35.8361665620234
대구,남구,대명6동,시설관리·임대,25,25,128.5673766526087,35.836655439925956
대구,남구,대명6동,예술·스포츠,8,8,128.56572266708076,35.8381134222681
대구,남구,대명6동,음식,128,128,128.56708265301165,35.836034095503145
대구,남구,대명9동,과학·기술,111,111,128.57902372579204,35.83672805297848
대구,남구,대명9동,교육,32,32,128.57811977215508,35.83627563733686
대구,남구,대명9동,보건의료,2,2,128.57499525490698,35.8390826026463
대구,남구,대명9동,부동산,21,21,128.57818270406747,35.83780918089249
대구,남구,대명9동,소매,173,173,128.57806775307424,35.83695378279201
대구,남구,대명9동,수리·개인,104,104,128.57858107360167,35.83758043608062
대구,남구,대명9동,숙박,16,16,128.57754404149588,35.83715222874029
대구,남구,대명9동,시설관리·임대,40,40,128.5791248803269,35.83642676953308
대구,남구,대명9동,예술·스포츠,23,23,128.57782703148487,35.83759892397553
대구,남구,대명9동,음식,263,263,128.57765541462393,35.83674952909735
대구,남구,봉덕1동,과학·기술,67,67,128.59538465979278,35.846648585835105
대구,남구,봉덕1동,교육,18,18,128.59557911843567,35.84676512286016
대구,남구,봉덕1동,보건의료,5,5,128.59527643366079,35.846134124683786
대구,남구,봉덕1동,부동산,17,17,128.59800399781273,35.846846158971175
대구,남구,봉덕1동,소매,194,194,128.5998204134815,35.84607417735615
대구,남구,봉덕1동,수리·개인,83,83,128.5978155212475,35.84688421196193
대구,남구,봉덕1동,숙박,5,5,128.5950923421574,35.84677642609404
대구,남구,봉덕1동,시설관리·임대,29,29,128.59594249468924,35.84680494043424
대구,남구,봉덕1동,예술·스포츠,22,22,128.59563935729145,35.8470847581204
대구,남구,봉덕1동,음식,211,211,128.5976856680997,35.84632323499234
대구,남구,봉덕2동,과학·기술,46,46,128.6033373532329,35.83644510779536
대구,남구,봉덕2동,교육,21,21,128.60328345175427,35.83952939185808
대구,남구,봉덕2동,보건의료,6,6,128.60299668142784,35.84071586468148
대구,남구,봉덕2동,부동산,27,27,128.60347474165823,35.83973490815011
대구,남구,봉덕2동,소매,113,113,128.60303482453773,35.83890862293355
대구,남구,봉덕2동,수리·개인,66,66,128.60307204147196,35.83896226314209
대구,남구,봉덕2동,숙박,2,2,128.6024881526725,35.83670954677165
대구,남구,봉덕2동,시설관리·임대,13,13,128.60321153860372,35.83642469602526
대구,남구,봉덕2동,예술·스포츠,19,19,128.6036730776783,35.8405838383795
대구,남구,봉덕2동,음식,157,157,128.60358160237197,35.83854569037937
대구,남구,봉덕3동,과학·기술,98,98,128.59669424042622,35.84060108381667
대구,남구,봉덕3동,교육,48,48,128.5979662988794,35.83906148880365
대구,남구,봉덕3동,보건의료,6,6,128.59710783196735,35.843335496435664
대구,남구,봉덕3동,부동산,33,33,128.59610614170492,35.84061152206964
대구,남구,봉덕3동,소매,193,193,128.59704172578134,35.840921056325094
대구,남구,봉덕3동,수리·개인,146,146,128.59681365447094,35.84053353892407
대구,남구,봉덕3동,숙박,10,10,128.5944661871427,35.84358655133115
대구,남구,봉덕3동,시설관리·임대,45,45,128.59568564150663,35.842090986179386
대구,남구,봉덕3동,예술·스포츠,28,28,128.59794488706342,35.84185765394886
대구,남구,봉덕3동,음식,251,251,128.5966067094366,35.84132216721825
대구,남구,이천동,과학·기술,59,59,128.6017864607214,35.852416667443066
대구,남구,이천동,교육,44,44,128.6021226815339,35.85199206361987
대구,남구,이천동,보건의료,2,2,128.606222588732,35.8547907162294
대구,남구,이천동,부동산,18,18,128.60217497400455,35.852108724069666
대구,남구,이천동,소매,127,127,128.60154144631937,35.85223041956104
대구,남구,이천동,수리·개인,85,85,128.60210611046247,35.851239579267244
대구,남구,이천동,숙박,6,6,128.599227307624,35.85408049215818
대구,남구,이천동,시설관리·임대,18,18,128.60296425464912,35.85245818851565
대구,남구,이천동,예술·스포츠,17,17,128.60270081203493,35.8524417334001
대구,남구,이천동,음식,116,116,128.6022509929608,35.851871028605366
대구,달서구,감삼동,과학·기술,122,122,128.54276126529834,35.85016771062131
대구,달서구,감삼동,교육,72,72,128.539687124019,35.847170618117865
대구,달서구,감삼동,보건의료,26,26,128.54084169348718,35.8504875944808
대구,달서구,감삼동,부동산,54,54,128.53976870210752,35.848415389514585
대구,달서구,감삼동,소매,312,312,128.54133759648215,35.84909264089335
대구,달서구,감삼동,수리·개인,270,270,128.5404096220557,35.84811149136986
대구,달서구,감삼동,숙박,6,6,128.5406358994325,35.849882264284
대구,달서구,감삼동,시설관리·임대,56,56,128.54136989603995,35.84927539090716
대구,달서구,감삼동,예술·스포츠,58,58,128.5403730328224,35.84841246510684
대구,달서구,감삼동,음식,489,489,128.5403109053093,35.848671641221905
대구,달서구,도원동,과학·기술,24,24,128.54181073721693,35.80569734819081
대구,달서구,도원동,교육,51,51,128.53803088945855,35.807166586795894
대구,달서구,도원동,보건의료,10,10,128.54110306017452,35.8053266456796
대구,달서구,도원동,부동산,24,24,128.53739479260787,35.8065221779135
대구,달서구,도원동,소매,149,149,128.5381305750301,35.80670272377675
대구,달서구,도원동,수리·개인,98,98,128.53877121731824,35.80663759308165
대구,달서구,도원동,시설관리·임대,6,6,128.5402893740455,35.806964677833314
대구,달서구,도원동,예술·스포츠,50,50,128.53706245546545,35.80735366994657
대구,달서구,도원동,음식,247,247,128.5415166071214,35.80491632406487
대구,달서구,두류1.2동,과학·기술,129,129,128.56601872016043,35.85759318880271
대구,달서구,두류1.2동,교육,35,35,128.56658715030173,35.857220365226105
대구,달서구,두류1.2동,보건의료,6,6,128.56445718423316,35.85888034960348
대구,달서구,두류1.2동,부동산,46,46,128.56764212299805,35.85800373473347
대구,달서구,두류1.2동,소매,207,207,128.56773153777746,35.857823603432145
대구,달서구,두류1.2동,수리·개인,136,136,128.56721308983802,35.85760932924971
대구,달서구,두류1.2동,숙박,10,10,128.5678790615735,35.85930900967172
대구,달서구,두류1.2동,시설관리·임대,76,76,128.5663526423077,35.85744323004379
대구,달서구,두류1.2동,예술·스포츠,33,33,128.5665597414869,35.858635544612774
대구,달서구,두류1.2동,음식,277,277,128.56599575274865,35.85775740015893
대구,달서구,두류3동,과학·기술,99,99,128.55246248172196,35.85450985840816
대구,달서구,두류3동,교육,21,21,128.55266411762017,35.85461605404926
대구,달서구,두류3동,보건의료,16,16,128.55191745611705,35.8552707969239
대구,달서구,두류3동,부동산,16,16,128.5539916644478,35.85474328944753
대구,달서구,두류3동,소매,152,152,128.55408082830076,35.855332086443624
대구,달서구,두류3동,수리·개인,69,69,128.55350373780428,35.85444222817018
대구,달서구,두류3동,숙박,5,5,128.5581454172422,35.85474988351652
대구,달서구,두류3동,시설관리·임대,43,43,128.55494652130474,35.85381583409055
대구,달서구,두류3동,예술·스포츠,51,51,128.55233196088378,35.85483217135221
대구,달서구,두류3동,음식,309,309,128.55297557171616,35.85460899130365
대구,달서구,본동,과학·기술,46,46,128.5370085322358,35.83473025378204
대구,달서구,본동,교육,11,11,128.5378873330579,35.834567528445874
대구,달서구,본동,보건의료,3,3,128.539326820905,35.8355135846204
대구,달서구,본동,부동산,29,29,128.54016061380386,35.83613616093246
대구,달서구,본동,소매,105,105,128.5374777095502,35.83548581588071
대구,달서구,본동,수리·개인,77,77,128.53550860947416,35.83565961610331
대구,달서구,본동,숙박,6,6,128.53575984220117,35.83686457631773
대구,달서구,본동,시설관리·임대,30,30,128.537369921523,35.835538112099826
대구,달서구,본동,예술·스포츠,29,29,128.5395409661577,35.836004502338476
대구,달서구,본동,음식,177,177,128.5354034547721,35.83560609943923
대구,달서구,본리동,과학·기술,39,39,128.53762080775485,35.839364270154064
대구,달서구,본리동,교육,31,31,128.53813561127498,35.841496141698926
대구,달서구,본리동,보건의료,9,9,128.54032028709668,35.84155372528521
대구,달서구,본리동,부동산,41,41,128.53912003351977,35.840370152728546
대구,달서구,본리동,소매,167,167,128.54006127782046,35.840154987416994
대구,달서구,본리동,수리·개인,92,92,128.5366222726365,35.84017272603044
대구,달서구,본리동,숙박,9,9,128.5362550878538,35.840929949914596
대구,달서구,본리동,시설관리·임대,19,19,128.5344853430377,35.839360634259066
대구,달서구,본리동,예술·스포츠,45,45,128.53553969302345,35.83993771993975
대구,달서구,본리동,음식,271,271,128.53716960246655,35.840569828205396
대구,달서구,상인1동,과학·기술,56,56,128.54300410390348,35.81717598389635
대구,달서구,상인1동,교육,138,138,128.53709857166822,35.819578456717814
대구,달서구,상인1동,보건의료,23,23,128.53720515071782,35.81890774014161
대구,달서구,상인1동,부동산,19,19,128.5373433627941,35.82003167960361
대구,달서구,상인1동,소매,332,332,128.53958278917207,35.81845779164945
대구,달서구,상인1동,수리·개인,130,130,128.54034461499296,35.81792929489483
대구,달서구,상인1동,시설관리·임대,12,12,128.54339008493417,35.817418914337466
대구,달서구,상인1동,예술·스포츠,55,55,128.53999370851153,35.817746766254366
대구,달서구,상인1동,음식,285,285,128.54132869026816,35.81783730988945
대구,달서구,상인2동,과학·기술,61,61,128.53682396301284,35.81421583176641
대구,달서구,상인2동,교육,44,44,128.53792012439175,35.81501497470385
대구,달서구,상인2동,보건의료,13,13,128.53473473943717,35.817304867731565
대구,달서구,상인2동,부동산,28,28,128.53781085257498,35.8144564709831
대구,달서구,상인2동,소매,246,246,128.53669376555249,35.814438778060065
대구,달서구,상인2동,수리·개인,181,181,128.53685839226154,35.81394574403169
대구,달서구,상인2동,숙박,3,3,128.5319570642463,35.81597772958417
대구,달서구,상인2동,시설관리·임대,33,33,128.53792801822019,35.813637580227635
대구,달서구,상인2동,예술·스포츠,84,84,128.53836219221571,35.81424177973153
대구,달서구,상인2동,음식,492,492,128.5373578937028,35.814318907627296
대구,달서구,상인3동,과학·기술,20,20,128.5480057390754,35.81213831120239
대구,달서구,상인3동,교육,11,11,128.54890110224463,35.811095270580616
대구,달서구,상인3동,보건의료,2,2,128.54560669152,35.81256930784225
대구,달서구,상인3동,부동산,8,8,128.54910370971388,35.810058458704106
대구,달서구,상인3동,소매,95,95,128.54977142328192,35.810507917503934
대구,달서구,상인3동,수리·개인,56,56,128.54879629857606,35.810523960564254
대구,달서구,상인3동,시설관리·임대,13,13,128.5496733948093,35.80983458798898
대구,달서구,상인3동,예술·스포츠,29,29,128.54724798571004,35.81178732383544
대구,달서구,상인3동,음식,129,129,128.5480615880831,35.811298396337904
대구,달서구,성당동,과학·기술,84,84,128.55550220352535,35.84295843935016
대구,달서구,성당동,교육,46,46,128.55096673009282,35.84317067711978
대구,달서구,성당동,보건의료,6,6,128.55277511969618,35.84347472417259
대구,달서구,성당동,부동산,32,32,128.54947173601423,35.841278979885075
대구,달서구,성당동,소매,254,254,128.55383521109198,35.84333358489955
대구,달서구,성당동,수리·개인,196,196,128.55240027214654,35.842350956290325
대구,달서구,성당동,숙박,17,17,128.5605914355704,35.843040941207235
대구,달서구,성당동,시설관리·임대,47,47,128.55417868553033,35.84239183448084
대구,달서구,성당동,예술·스포츠,43,43,128.55273565145453,35.84217589012086
대구,달서구,성당동,음식,324,324,128.55369730260378,35.84223828075347
대구,달서구,송현1동,과학·기술,79,79,128.55296317088013,35.82747175914818
대구,달서구,송현1동,교육,45,45,128.55121395266113,35.82597299687338
대구,달서구,송현1동,보건의료,5,5,128.5482955546342,35.82568703647272
대구,달서구,송현1동,부동산,29,29,128.55081990723585,35.82754878390011
대구,달서구,송현1동,소매,203,203,128.55206308115447,35.8269585057271
대구,달서구,송현1동,수리·개인,185,185,128.55125048709002,35.82624592793021
대구,달서구,송현1동,숙박,1,1,128.560506602678,35.828259619737
대구,달서구,송현1동,시설관리·임대,47,47,128.55257116394458,35.82686989170507
대구,달서구,송현1동,예술·스포츠,39,39,128.55018633777107,35.8258798527495
대구,달서구,송현1동,음식,204,204,128.55148572277048,35.82716692959266
대구,달서구,송현2동,과학·기술,74,74,128.54935774550674,35.831468382166705
대구,달서구,송현2동,교육,27,27,128.547383648363,35.829571419443496
대구,달서구,송현2동,보건의료,13,13,128.55445380565533,35.83542042515211
대구,달서구,송현2동,부동산,27,27,128.54985640653453,35.832043762379264
대구,달서구,송현2동,소매,254,254,128.5501181519811,35.831719735884676
대구,달서구,송현2동,수리·개인,184,184,128.5488630661386,35.83142462459495
대구,달서구,송현2동,숙박,2,2,128.5508260448555,35.831201052268696
대구,달서구,송현2동,시설관리·임대,48,48,128.54882370953243,35.83099235002692
대구,달서구,송현2동,예술·스포츠,45,45,128.55102547098042,35.83186378385141
대구,달서구,송현2동,음식,337,337,128.5498452161456,35.83160979870414
대구,달서구,신당동,과학·기술,168,168,128.49012200055432,35.85125443980404
대구,달서구,신당동,교육,47,47,128.48810363516117,35.85246400594842
대구,달서구,신당동,보건의료,6,6,128.48636461331316,35.84925019072868
대구,달서구,신당동,부동산,86,86,128.4906599410096,35.851486741405054
대구,달서구,신당동,소매,638,638,128.49164611369594,35.848790411495486
대구,달서구,신당동,수리·개인,289,289,128.49054897822663,35.85191314427842
대구,달서구,신당동,숙박,61,61,128.48941369546097,35.84297794355017
대구,달서구,신당동,시설관리·임대,79,79,128.49126482804982,35.85258689997649
대구,달서구,신당동,예술·스포츠,120,120,128.4898255144139,35.85201779155363
대구,달서구,신당동,음식,971,971,128.4901968127453,35.85086882444908
대구,달서구,용산1동,과학·기술,116,116,128.52870926826643,35.85343386487594
대구,달서구,용산1동,교육,40,40,128.5293759306703,35.855319856782465
대구,달서구,용산1동,보건의료,15,15,128.5297461333442,35.8522341650536
대구,달서구,용산1동,부동산,27,27,128.5297659028751,35.85373604159166
대구,달서구,용산1동,소매,264,264,128.5291002560914,35.85369745543408
대구,달서구,용산1동,수리·개인,132,132,128.52997062514174,35.85513756906949
대구,달서구,용산1동,시설관리·임대,36,36,128.5304611701092,35.8541547260892
대구,달서구,용산1동,예술·스포츠,63,63,128.52933488778092,35.85623101342069
대구,달서구,용산1동,음식,308,308,128.52930878753605,35.85543592289842
대구,달서구,용산2동,과학·기술,41,41,128.52165128752608,35.8582534327307
대구,달서구,용산2동,교육,17,17,128.5203985209547,35.855745926332645
대구,달서구,용산2동,보건의료,2,2,128.521319658737,35.856774587041954
대구,달서구,용산2동,부동산,16,16,128.51870599608287,35.85529539405605
대구,달서구,용산2동,소매,110,110,128.5212204418104,35.85719363330816
대구,달서구,용산2동,수리·개인,106,106,128.52083014325345,35.85687912543777
대구,달서구,용산2동,시설관리·임대,31,31,128.52191889520265,35.859195889707856
대구,달서구,용산2동,예술·스포츠,30,30,128.52114204443637,35.85694023800534
대구,달서구,용산2동,음식,165,165,128.52088410113922,35.85684456063672
대구,달서구,월성1동,과학·기술,64,64,128.52552993839177,35.82335244991788
대구,달서구,월성1동,교육,221,221,128.52650368415996,35.823909779695896
대구,달서구,월성1동,보건의료,38,38,128.5275449827309,35.82497440063276
대구,달서구,월성1동,부동산,40,40,128.52577502594323,35.823003738890286
대구,달서구,월성1동,소매,279,279,128.52577987319268,35.822711057681175
대구,달서구,월성1동,수리·개인,206,206,128.52578751276212,35.82296808136215
대구,달서구,월성1동,시설관리·임대,20,20,128.52553132884458,35.82260246325423
대구,달서구,월성1동,예술·스포츠,105,105,128.52588594485601,35.823346240988585
대구,달서구,월성1동,음식,465,465,128.52590904848086,35.82344992184372
대구,달서구,월성2동,과학·기술,59,59,128.51130517261848,35.83120789485135
대구,달서구,월성2동,교육,13,13,128.52507275903685,35.83107236295821
대구,달서구,월성2동,부동산,18,18,128.51726861878234,35.83178726971833
대구,달서구,월성2동,소매,111,111,128.5216883365223,35.83099209363298
대구,달서구,월성2동,수리·개인,84,84,128.52021518048636,35.83173126357769
대구,달서구,월성2동,숙박,2,2,128.5079586658755,35.830479980311154
대구,달서구,월성2동,시설관리·임대,24,24,128.5107104724772,35.83030828470395
대구,달서구,월성2동,예술·스포츠,13,13,128.5234240723907,35.830730760204375
대구,달서구,월성2동,음식,131,131,128.5133260312627,35.829585641111684
대구,달서구,유천동,과학·기술,31,31,128.51660964159103,35.8156533231823
대구,달서구,유천동,교육,159,159,128.51668141426964,35.8170944209694
대구,달서구,유천동,보건의료,12,12,128.51871671572516,35.817700974969135
대구,달서구,유천동,부동산,27,27,128.51747070836126,35.81783997464149
대구,달서구,유천동,소매,138,138,128.51701671298792,35.81633247578849
대구,달서구,유천동,수리·개인,119,119,128.51655096070905,35.816569907962865
대구,달서구,유천동,시설관리·임대,10,10,128.51447921371272,35.81622773044247
대구,달서구,유천동,예술·스포츠,46,46,128.5166315916653,35.816254476314384
대구,달서구,유천동,음식,186,186,128.51668472545182,35.816759620992244
대구,달서구,이곡1동,과학·기술,51,51,128.5111106622105,35.85361676562202
대구,달서구,이곡1동,교육,74,74,128.51090941367113,35.85478459742152
대구,달서구,이곡1동,보건의료,13,13,128.5094540316816,35.853936929567446
대구,달서구,이곡1동,부동산,18,18,128.5112630926069,35.854782278060625
대구,달서구,이곡1동,소매,187,187,128.5108702530535,35.854508190534936
대구,달서구,이곡1동,수리·개인,133,133,128.51086733633898,35.85492058542242
대구,달서구,이곡1동,숙박,2,2,128.508427908248,35.8543823824327
대구,달서구,이곡1동,시설관리·임대,32,32,128.51076644848882,35.851945749702594
대구,달서구,이곡1동,예술·스포츠,66,66,128.50949448326813,35.85486310719444
대구,달서구,이곡1동,음식,261,261,128.51019564433116,35.85444812995182
대구,달서구,이곡2동,과학·기술,86,86,128.50380694837338,35.849847201259585
대구,달서구,이곡2동,교육,34,34,128.5041645527075,35.85291816900938
대구,달서구,이곡2동,보건의료,11,11,128.50486996884217,35.854562172715355
대구,달서구,이곡2동,부동산,25,25,128.5037688691288,35.84980052630194
대구,달서구,이곡2동,소매,150,150,128.50401961535565,35.85255721995356
대구,달서구,이곡2동,수리·개인,80,80,128.5034706172798,35.854020511007036
대구,달서구,이곡2동,숙박,11,11,128.505629678939,35.854186459789965
대구,달서구,이곡2동,시설관리·임대,40,40,128.50520118659335,35.851662144046394
대구,달서구,이곡2동,예술·스포츠,64,64,128.50432102439265,35.85439388229904
대구,달서구,이곡2동,음식,368,368,128.5040833808094,35.85307498247198
대구,달서구,장기동,과학·기술,83,83,128.5239958603431,35.84375876946606
대구,달서구,장기동,교육,62,62,128.53066843524257,35.844402486207755
대구,달서구,장기동,보건의료,3,3,128.53329938150733,35.844923740742566
대구,달서구,장기동,부동산,37,37,128.524591564833,35.845123902013135
대구,달서구,장기동,소매,138,138,128.52664553761872,35.844259451005065
대구,달서구,장기동,수리·개인,183,183,128.52563225509408,35.8426944995871
대구,달서구,장기동,숙박,1,1,128.533394350362,35.8431443017801
대구,달서구,장기동,시설관리·임대,34,34,128.52475670204927,35.84414134913517
대구,달서구,장기동,예술·스포츠,44,44,128.52899523281778,35.84383449296177
대구,달서구,장기동,음식,261,261,128.52856495289353,35.84371287383352
대구,달서구,죽전동,과학·기술,106,106,128.53809790187256,35.85399495487571
대구,달서구,죽전동,교육,30,30,128.5386920175508,35.853312716380785
대구,달서구,죽전동,보건의료,34,34,128.5392513493741,35.852194029235406
대구,달서구,죽전동,부동산,34,34,128.53874277189348,35.85420061237644
대구,달서구,죽전동,소매,237,237,128.53968589468354,35.85384745002489
대구,달서구,죽전동,수리·개인,176,176,128.5385285042162,35.85409698892867
대구,달서구,죽전동,숙박,4,4,128.53963316265026,35.85384680637235
대구,달서구,죽전동,시설관리·임대,41,41,128.53808067390378,35.85365731080019
대구,달서구,죽전동,예술·스포츠,34,34,128.53698485312376,35.853262612078616
대구,달서구,죽전동,음식,255,255,128.53884103819982,35.85332024365177
대구,달서구,진천동,과학·기술,120,120,128.52314553284728,35.80910077265909
대구,달서구,진천동,교육,136,136,128.52475442514867,35.809926703679665
대구,달서구,진천동,보건의료,25,25,128.5252507994032,35.81287956259441
대구,달서구,진천동,부동산,94,94,128.52407465011962,35.8090808115545
대구,달서구,진천동,소매,446,446,128.52419588422077,35.81081015614311
대구,달서구,진천동,수리·개인,350,350,128.52394037706816,35.81009385553636
대구,달서구,진천동,숙박,3,3,128.52946805549433,35.8106264371146
대구,달서구,진천동,시설관리·임대,57,57,128.52386795453907,35.81083928474958
대구,달서구,진천동,예술·스포츠,95,95,128.5224763007205,35.81046088700781
대구,달서구,진천동,음식,737,737,128.52498278695901,35.810119098702785
대구,달성군,가창면,과학·기술,29,29,128.63316874921983,35.77864248945864
대구,달성군,가창면,교육,8,8,128.63842554391948,35.775275106636684
대구,달성군,가창면,보건의료,2,2,128.6408341867435,35.76955990999955
대구,달성군,가창면,부동산,19,19,128.63932443607789,35.78009412562546
대구,달성군,가창면,소매,87,87,128.63361627978074,35.77526106190197
대구,달성군,가창면,수리·개인,22,22,128.62869961452776,35.790702398076114
대구,달성군,가창면,숙박,16,16,128.65911116828312,35.73702792387263
대구,달성군,가창면,시설관리·임대,14,14,128.63055163543828,35.77780533566803
대구,달성군,가창면,예술·스포츠,14,14,128.63982232356642,35.77733693687473
대구,달성군,가창면,음식,177,177,128.63527822059,35.76737937972694
대구,달성군,구지면,과학·기술,23,23,128.41968630885358,35.65046660168591
대구,달성군,구지면,교육,42,42,128.41602783683652,35.65749215394625
대구,달성군,구지면,보건의료,5,5,128.418382231924,35.65556645037718
대구,달성군,구지면,부동산,41,41,128.4203667731072,35.6580203343749
대구,달성군,구지면,소매,113,113,128.41825629877565,35.655504520885245
대구,달성군,구지면,수리·개인,73,73,128.41869218364866,35.65650086756697
대구,달성군,구지면,숙박,7,7,128.41876066585786,35.638227432709016
대구,달성군,구지면,시설관리·임대,21,21,128.41330544530797,35.65505017255517
대구,달성군,구지면,예술·스포츠,28,28,128.42135312441314,35.6539691510421
대구,달성군,구지면,음식,340,340,128.41781133835994,35.65505564996566
대구,달성군,논공읍,과학·기술,41,41,128.4354761064618,35.75589900577225
대구,달성군,논공읍,교육,14,14,128.444451601052,35.73245377966487
대구,달성군,논공읍,보건의료,5,5,128.4446752848106,35.737241758636685
대구,달성군,논공읍,부동산,47,47,128.4316224899071,35.75235086715195
대구,달성군,논공읍,소매,311,311,128.43756185526658,35.74211489294525
대구,달성군,논공읍,수리·개인,152,152,128.44169674838741,35.73576851396704
대구,달성군,논공읍,숙박,12,12,128.43704605631856,35.7390428592085
대구,달성군,논공읍,시설관리·임대,54,54,128.4393541632178,35.73920621871347
대구,달성군,논공읍,예술·스포츠,58,58,128.4437590235414,35.733708254815106
대구,달성군,논공읍,음식,327,327,128.4413599884026,35.73769355595395
대구,달성군,다사읍,과학·기술,98,98,128.47376400325297,35.86715826244169
대구,달성군,다사읍,교육,214,214,128.47268622924142,35.86419897865772
대구,달성군,다사읍,보건의료,29,29,128.4651362484147,35.86036952164484
대구,달성군,다사읍,부동산,88,88,128.47028155380258,35.864212216704615
대구,달성군,다사읍,소매,514,514,128.47189227208864,35.86486852931338
대구,달성군,다사읍,수리·개인,331,331,128.47275045618275,35.865782911879855
대구,달성군,다사읍,숙박,3,3,128.46536570094932,35.8597360670573
대구,달성군,다사읍,시설관리·임대,50,50,128.47029886473956,35.86511034965058
대구,달성군,다사읍,예술·스포츠,144,144,128.4726439942658,35.86493406064584
대구,달성군,다사읍,음식,846,846,128.47097953517383,35.86550853347398
대구,달성군,옥포읍,과학·기술,38,38,128.4535508345138,35.7840709918916
대구,달성군,옥포읍,교육,44,44,128.44765986707637,35.7822593336333
대구,달성군,옥포읍,보건의료,8,8,128.44388462424487,35.78258488828976
대구,달성군,옥포읍,부동산,34,34,128.45220705475387,35.785757279511756
대구,달성군,옥포읍,소매,186,186,128.45310863597456,35.783835601695856
대구,달성군,옥포읍,수리·개인,102,102,128.45228771109694,35.784128746097416
대구,달성군,옥포읍,숙박,10,10,128.48160314157468,35.768276464667636
대구,달성군,옥포읍,시설관리·임대,15,15,128.461317190582,35.7838292492066
대구,달성군,옥포읍,예술·스포츠,31,31,128.4474367991773,35.78067077273245
대구,달성군,옥포읍,음식,263,263,128.45843654455342,35.77730115765174
대구,달성군,유가읍,과학·기술,55,55,128.4626634107468,35.69155064896075
대구,달성군,유가읍,교육,118,118,128.46165687870405,35.69206969128347
대구,달성군,유가읍,보건의료,18,18,128.46167453160527,35.693125471556904
대구,달성군,유가읍,부동산,33,33,128.4605303003503,35.69053138620529
대구,달성군,유가읍,소매,201,201,128.4613458930257,35.6913944021607
대구,달성군,유가읍,수리·개인,130,130,128.46074540164483,35.69246876439205
대구,달성군,유가읍,숙박,3,3,128.47936167059402,35.69504209735016
대구,달성군,유가읍,시설관리·임대,24,24,128.4610316888229,35.6885799200409
대구,달성군,유가읍,예술·스포츠,72,72,128.4611628948702,35.69215733974752
대구,달성군,유가읍,음식,463,463,128.46310825952486,35.69121806692938
대구,달성군,하빈면,과학·기술,6,6,128.41462046770468,35.880819560305405
대구,달성군,하빈면,교육,3,3,128.40218781968767,35.8815534750902
대구,달성군,하빈면,부동산,13,13,128.42435456881714,35.88540954910824
대구,달성군,하빈면,소매,56,56,128.42323310935268,35.892330743386076
대구,달성군,하빈면,수리·개인,17,17,128.42699523528788,35.89670093403384
대구,달성군,하빈면,숙박,3,3,128.40854164272935,35.884401363247434
대구,달성군,하빈면,시설관리·임대,16,16,128.41651311669807,35.88288764915536
대구,달성군,하빈면,예술·스포츠,4,4,128.41817392132674,35.89392060039603
대구,달성군,하빈면,음식,59,59,128.41769593003028,35.88519563771043
대구,달성군,현풍읍,과학·기술,50,50,128.44784609776391,35.69294391044175
대구,달성군,현풍읍,교육,39,39,128.44923249103482,35.69358107288828
대구,달성군,현풍읍,보건의료,5,5,128.4518547424044,35.69250543931828
대구,달성군,현풍읍,부동산,58,58,128.44983346025876,35.69282964473671
대구,달성군,현풍읍,소매,323,323,128.44580036600647,35.69277342648513
대구,달성군,현풍읍,수리·개인,199,199,128.4484681202945,35.69314739634475
대구,달성군,현풍읍,숙박,9,9,128.44597319441124,35.698969483075835
대구,달성군,현풍읍,시설관리·임대,55,55,128.44367503908597,35.69169965144337
대구,달성군,현풍읍,예술·스포츠,68,68,128.45053515136038,35.69277400453906
대구,달성군,현풍읍,음식,567,567,128.44960475223007,35.69433990349612
대구,달성군,화원읍,과학·기술,78,78,128.49696942501274,35.802751322455784
대구,달성군,화원읍,교육,66,66,128.50017710645912,35.8025238120772
대구,달성군,화원읍,보건의료,15,15,128.5019146359738,35.80446137430736
대구,달성군,화원읍,부동산,62,62,128.49593305239057,35.80196438609986
대구,달성군,화원읍,소매,421,421,128.49713574963147,35.80281266016448
대구,달성군,화원읍,수리·개인,256,256,128.4978300237019,35.80315271083109
대구,달성군,화원읍,숙박,2,2,128.503407772456,35.80567426231285
대구,달성군,화원읍,시설관리·임대,56,56,128.49417985978147,35.801504595229446
대구,달성군,화원읍,예술·스포츠,80,80,128.49953067940538,35.80270785564445
대구,달성군,화원읍,음식,476,476,128.49895127901098,35.80268184780125
대구,동구,공산동,과학·기술,28,28,128.66186581107803,35.96498298194384
대구,동구,공산동,교육,29,29,128.63726926955493,35.95198620775228
대구,동구,공산동,보건의료,4,4,128.630198930784,35.942823927141
대구,동구,공산동,부동산,26,26,128.64318649232675,35.94858450911407
대구,동구,공산동,소매,151,151,128.65266335374156,35.955447438501714
대구,동구,공산동,수리·개인,68,68,128.6417665143446,35.94796846341737
대구,동구,공산동,숙박,32,32,128.67179821273427,35.97499587660243
대구,동구,공산동,시설관리·임대,17,17,128.65813603662846,35.968948843323155
대구,동구,공산동,예술·스포츠,23,23,128.65433815997548,35.95052054647572
대구,동구,공산동,음식,376,376,128.65447104337892,35.96946091966807
대구,동구,도평동,과학·기술,6,6,128.65498401217383,35.914867864279415
대구,동구,도평동,교육,2,2,128.64808047415448,35.9095353207355
대구,동구,도평동,소매,25,25,128.65270917654095,35.91070675258876
대구,동구,도평동,수리·개인,8,8,128.65386033166274,35.91196252986024
대구,동구,도평동,숙박,1,1,128.676229064981,35.9185713620178
대구,동구,도평동,시설관리·임대,4,4,128.65544909137625,35.91535193374798
대구,동구,도평동,예술·스포츠,3,3,128.65147951529698,35.9133421585125
대구,동구,도평동,음식,23,23,128.65432926592047,35.91483137131968
대구,동구,동촌동,과학·기술,45,45,128.6508106864076,35.888538811252964
대구,동구,동촌동,교육,12,12,128.6526146500136,35.88775112295615
대구,동구,동촌동,보건의료,2,2,128.6525961637475,35.887526112900304
대구,동구,동촌동,부동산,15,15,128.65018313123173,35.88778850358643
대구,동구,동촌동,소매,120,120,128.65063025754856,35.88893997587841
대구,동구,동촌동,수리·개인,104,104,128.65046715276551,35.88873751369233
대구,동구,동촌동,숙박,12,12,128.64681845338657,35.88908340536535
대구,동구,동촌동,시설관리·임대,20,20,128.651534616927,35.88759614551854
대구,동구,동촌동,예술·스포츠,29,29,128.64910520348568,35.88882812070339
대구,동구,동촌동,음식,195,195,128.64846063512036,35.889728985819936
대구,동구,방촌동,과학·기술,29,29,128.66522117270486,35.878852324549854
대구,동구,방촌동,교육,25,25,128.66510062972785,35.8792931236225
대구,동구,방촌동,보건의료,6,6,128.66577199367967,35.880994176291765
대구,동구,방촌동,부동산,11,11,128.665914791998,35.87949687855112
대구,동구,방촌동,소매,146,146,128.66616199394636,35.87937447689846
대구,동구,방촌동,수리·개인,116,116,128.66625976933315,35.87874325415616
대구,동구,방촌동,숙박,2,2,128.66432449102848,35.88149333013225
대구,동구,방촌동,시설관리·임대,20,20,128.66482588322498,35.87868244137012
대구,동구,방촌동,예술·스포츠,36,36,128.66655718714668,35.87898323104492
대구,동구,방촌동,음식,201,201,128.665944884468,35.87937680440955
대구,동구,불로.봉무동,과학·기술,73,73,128.63927140212897,35.917681374060514
대구,동구,불로.봉무동,교육,79,79,128.6389163921282,35.91973014352775
대구,동구,불로.봉무동,보건의료,9,9,128.64007741514922,35.9190437088122
대구,동구,불로.봉무동,부동산,35,35,128.63911892070627,35.91913195694921
대구,동구,불로.봉무동,소매,417,417,128.63895434421391,35.91777565868189
대구,동구,불로.봉무동,수리·개인,133,133,128.63860412613275,35.915218256828
대구,동구,불로.봉무동,숙박,2,2,128.639130793366,35.9173444809961
대구,동구,불로.봉무동,시설관리·임대,32,32,128.63845029282888,35.91330117110901
대구,동구,불로.봉무동,예술·스포츠,67,67,128.63956691393471,35.91999416897955
대구,동구,불로.봉무동,음식,409,409,128.64000436626455,35.91771781947206
대구,동구,신암1동,과학·기술,42,42,128.6174069399484,35.88425871156721
대구,동구,신암1동,교육,22,22,128.61777885811955,35.8855529042985
대구,동구,신암1동,보건의료,7,7,128.62106194450115,35.88290259153617
대구,동구,신암1동,부동산,27,27,128.61860953598367,35.88569071228736
대구,동구,신암1동,소매,131,131,128.61904710752307,35.8839987042811
대구,동구,신암1동,수리·개인,73,73,128.61881770432603,35.88482152751678
대구,동구,신암1동,숙박,3,3,128.61900339692465,35.884873381598666
대구,동구,신암1동,시설관리·임대,21,21,128.61799924832508,35.88465647453741
대구,동구,신암1동,예술·스포츠,16,16,128.61771062253982,35.88342400707056
대구,동구,신암1동,음식,184,184,128.61814589331092,35.884055678810185
대구,동구,신암2동,과학·기술,12,12,128.61111813680316,35.87872103270701
대구,동구,신암2동,교육,31,31,128.61179226538638,35.878014089777345
대구,동구,신암2동,보건의료,6,6,128.61114169872334,35.87933800593992
대구,동구,신암2동,부동산,12,12,128.611845775127,35.87820137271172
대구,동구,신암2동,소매,72,72,128.61118608448658,35.87870434871871
대구,동구,신암2동,수리·개인,63,63,128.6115839602901,35.878217509600745
대구,동구,신암2동,시설관리·임대,7,7,128.61052089171872,35.878167953009076
대구,동구,신암2동,예술·스포츠,16,16,128.61033672940474,35.87905799253854
대구,동구,신암2동,음식,121,121,128.61162032865116,35.87895307050883
대구,동구,신암3동,과학·기술,20,20,128.62005421428614,35.88061991395425
대구,동구,신암3동,교육,25,25,128.61917895043013,35.87957759914647
대구,동구,신암3동,보건의료,4,4,128.61806767154002,35.88096979458763
대구,동구,신암3동,부동산,37,37,128.61958053921668,35.880003741991246
대구,동구,신암3동,소매,88,88,128.61945105213786,35.88070517210484
대구,동구,신암3동,수리·개인,73,73,128.61884753823676,35.880317531525066
대구,동구,신암3동,숙박,5,5,128.622827029416,35.88119977585518
대구,동구,신암3동,시설관리·임대,12,12,128.6193346146965,35.8809722388297
대구,동구,신암3동,예술·스포츠,16,16,128.61927348877236,35.881084206846666
대구,동구,신암3동,음식,116,116,128.61894989230612,35.8809053023072
대구,동구,신암4동,과학·기술,35,35,128.62834562459156,35.88474994214567
대구,동구,신암4동,교육,11,11,128.62698118928236,35.884754355281764
대구,동구,신암4동,보건의료,7,7,128.62709362786057,35.88359597595724
대구,동구,신암4동,부동산,36,36,128.6267799249639,35.885832099622746
대구,동구,신암4동,소매,93,93,128.62780094753862,35.88419930286705
대구,동구,신암4동,수리·개인,60,60,128.62844984173026,35.88466978384767
대구,동구,신암4동,숙박,36,36,128.62901114298495,35.881858162542876
대구,동구,신암4동,시설관리·임대,24,24,128.62888012964655,35.88404630540774
대구,동구,신암4동,예술·스포츠,18,18,128.62862659089257,35.88525287764479
대구,동구,신암4동,음식,201,201,128.62875362538423,35.88427569455887
대구,동구,신암5동,과학·기술,21,21,128.63420405928892,35.887848040285455
대구,동구,신암5동,교육,12,12,128.63419781730641,35.888499648170374
대구,동구,신암5동,보건의료,3,3,128.63559089771,35.88645985771273
대구,동구,신암5동,부동산,7,7,128.632293445024,35.888535731866575
대구,동구,신암5동,소매,97,97,128.6339825070837,35.88735947650087
대구,동구,신암5동,수리·개인,44,44,128.63415497323214,35.88799463158849
대구,동구,신암5동,숙박,1,1,128.636345923163,35.8894293673861
대구,동구,신암5동,시설관리·임대,17,17,128.63379774611855,35.8880423743551
대구,동구,신암5동,예술·스포츠,4,4,128.634620522523,35.88657148873257
대구,동구,신암5동,음식,108,108,128.63396622571958,35.88749853599074
대구,동구,신천1.2동,과학·기술,42,42,128.6162865290072,35.87129313905543
대구,동구,신천1.2동,교육,25,25,128.61608673955467,35.871565974239985
대구,동구,신천1.2동,보건의료,7,7,128.61642789620072,35.86901286217809
대구,동구,신천1.2동,부동산,13,13,128.61599160189238,35.87206694934628
대구,동구,신천1.2동,소매,94,94,128.61647126340986,35.87171930539477
대구,동구,신천1.2동,수리·개인,63,63,128.61653588050353,35.87206183116213
대구,동구,신천1.2동,숙박,1,1,128.617010172143,35.8747053798839
대구,동구,신천1.2동,시설관리·임대,14,14,128.61649375393193,35.872448530377724
대구,동구,신천1.2동,예술·스포츠,14,14,128.6157899630778,35.87334819315988
대구,동구,신천1.2동,음식,111,111,128.61653187751992,35.872271259417936
대구,동구,신천3동,과학·기술,186,186,128.62329481373004,35.87223575504484
대구,동구,신천3동,교육,55,55,128.62204078533043,35.87270514761585
대구,동구,신천3동,보건의료,12,12,128.62245374628267,35.87392752744467
대구,동구,신천3동,부동산,48,48,128.62266590040107,35.873754970000505
대구,동구,신천3동,소매,107,107,128.6215662725198,35.872742015555964
대구,동구,신천3동,수리·개인,96,96,128.6213887310901,35.87316770753623
대구,동구,신천3동,숙박,6,6,128.62118744082798,35.874043790115735
대구,동구,신천3동,시설관리·임대,44,44,128.62327430151402,35.87261500496941
대구,동구,신천3동,예술·스포츠,28,28,128.62177311002924,35.87224409740795
대구,동구,신천3동,음식,188,188,128.6218268541389,35.87240299627607
대구,동구,신천4동,과학·기술,241,241,128.62869252603215,35.87092261437455
대구,동구,신천4동,교육,38,38,128.62913029511657,35.873012709580145
대구,동구,신천4동,보건의료,9,9,128.6277821140439,35.874949347114786
대구,동구,신천4동,부동산,37,37,128.62920783577664,35.87310599691845
대구,동구,신천4동,소매,552,552,128.62844868487085,35.87478700384973
대구,동구,신천4동,수리·개인,119,119,128.6292822791904,35.873564379837205
대구,동구,신천4동,숙박,77,77,128.6285391878921,35.87311689610206
대구,동구,신천4동,시설관리·임대,53,53,128.62889504501345,35.87323368480021
대구,동구,신천4동,예술·스포츠,45,45,128.62870617496816,35.87275686049126
대구,동구,신천4동,음식,588,588,128.62894957652188,35.8737531824061
대구,동구,안심1동,과학·기술,98,98,128.697338076338,35.86713159601094
대구,동구,안심1동,교육,94,94,128.69784864914263,35.865102473749545
대구,동구,안심1동,보건의료,25,25,128.6976182657036,35.86650645453567
대구,동구,안심1동,부동산,60,60,128.69760641103343,35.86821347837435
대구,동구,안심1동,소매,467,467,128.69815307761164,35.86827967752552
대구,동구,안심1동,수리·개인,305,305,128.69842272766826,35.867711992050964
대구,동구,안심1동,숙박,5,5,128.7028269448642,35.8706716092817
대구,동구,안심1동,시설관리·임대,49,49,128.69810595717271,35.868239206268036
대구,동구,안심1동,예술·스포츠,77,77,128.69811826390082,35.86674069127361
대구,동구,안심1동,음식,596,596,128.69906576670505,35.86731369963993
대구,동구,안심2동,과학·기술,30,30,128.6950916085921,35.87977706528156
대구,동구,안심2동,교육,9,9,128.69853046832122,35.87475108223392
대구,동구,안심2동,보건의료,4,4,128.70571285338676,35.874169869525296
대구,동구,안심2동,부동산,15,15,128.69290378264412,35.876576904898094
대구,동구,안심2동,소매,125,125,128.69072266943985,35.87639475160663
대구,동구,안심2동,수리·개인,66,66,128.68881446272445,35.874985850001735
대구,동구,안심2동,숙박,11,11,128.702196700573,35.88477813651568
대구,동구,안심2동,시설관리·임대,24,24,128.69035290547976,35.87634549742982
대구,동구,안심2동,예술·스포츠,15,15,128.68965848635168,35.87600566740464
대구,동구,안심2동,음식,95,95,128.69336812001873,35.88012336129769
대구,동구,안심3동,과학·기술,46,46,128.72909189512424,35.86794633599619
대구,동구,안심3동,교육,110,110,128.72823995740384,35.86767834168532
대구,동구,안심3동,보건의료,10,10,128.7239837049182,35.867582685805885
대구,동구,안심3동,부동산,28,28,128.72970145412089,35.86764919534445
대구,동구,안심3동,소매,134,134,128.72837469384095,35.86751222955954
대구,동구,안심3동,수리·개인,113,113,128.72850400533576,35.867886028696674
대구,동구,안심3동,숙박,1,1,128.723643622916,35.8664999098819
대구,동구,안심3동,시설관리·임대,24,24,128.7297607525086,35.86684252490761
대구,동구,안심3동,예술·스포츠,42,42,128.72553372927746,35.86710264813533
대구,동구,안심3동,음식,206,206,128.72718024689053,35.866973988506636
대구,동구,안심4동,과학·기술,67,67,128.71831385878338,35.87106816323351
대구,동구,안심4동,교육,56,56,128.7174871873432,35.87135548778165
대구,동구,안심4동,보건의료,10,10,128.7183075250568,35.87070692000163
대구,동구,안심4동,부동산,45,45,128.7171315298684,35.870896773117536
대구,동구,안심4동,소매,223,223,128.71900925180506,35.871134223109934
대구,동구,안심4동,수리·개인,230,230,128.7182227601768,35.87070215887907
대구,동구,안심4동,숙박,3,3,128.71933858424632,35.871863130646
대구,동구,안심4동,시설관리·임대,41,41,128.7164532499736,35.87042416577003
대구,동구,안심4동,예술·스포츠,49,49,128.71760388172774,35.870658560908495
대구,동구,안심4동,음식,261,261,128.71808438641878,35.87102434386878
대구,동구,지저동,과학·기술,11,11,128.63928111137554,35.89468141819574
대구,동구,지저동,교육,7,7,128.6386488844253,35.89409027942263
대구,동구,지저동,보건의료,2,2,128.638587137944,35.8944721862444
대구,동구,지저동,부동산,8,8,128.63855215018637,35.8949254698942
대구,동구,지저동,소매,108,108,128.63893732475108,35.89568458887493
대구,동구,지저동,수리·개인,64,64,128.63889636733936,35.894899223367496
대구,동구,지저동,숙박,4,4,128.637878797441,35.8970455734566
대구,동구,지저동,시설관리·임대,17,17,128.6392932352397,35.89538486682436
대구,동구,지저동,예술·스포츠,22,22,128.63831084214104,35.894646347698625
대구,동구,지저동,음식,137,137,128.63828779081473,35.894918937908905
대구,동구,해안동,과학·기술,38,38,128.66907057875142,35.88496754450218
대구,동구,해안동,교육,15,15,128.66973906321053,35.88567124719047
대구,동구,해안동,보건의료,6,6,128.66622904935852,35.88140535261346
대구,동구,해안동,부동산,8,8,128.66517622409074,35.8830404107109
대구,동구,해안동,소매,120,120,128.66996383002615,35.8839068014529
대구,동구,해안동,수리·개인,90,90,128.66999585022438,35.88248836424186
대구,동구,해안동,숙박,3,3,128.67602823722402,35.889209168557564
대구,동구,해안동,시설관리·임대,29,29,128.67656014105657,35.88607510334717
대구,동구,해안동,예술·스포츠,25,25,128.66808733181216,35.882542948514065
대구,동구,해안동,음식,141,141,128.66839297676609,35.88325022126812
대구,동구,혁신동,과학·기술,121,121,128.72867251648935,35.87762000228433
대구,동구,혁신동,교육,99,99,128.72856157238147,35.88003612582641
대구,동구,혁신동,보건의료,6,6,128.71439525506165,35.878202728965555
대구,동구,혁신동,부동산,51,51,128.7250812921064,35.87820466550801
대구,동구,혁신동,소매,174,174,128.73021661598983,35.87808381642001
대구,동구,혁신동,수리·개인,110,110,128.72755287601672,35.878001465450915
대구,동구,혁신동,숙박,1,1,128.734407692721,35.8763023552985
대구,동구,혁신동,시설관리·임대,60,60,128.72997757493118,35.877394068026824
대구,동구,혁신동,예술·스포츠,49,49,128.7277440797862,35.87740231803782
대구,동구,혁신동,음식,355,355,128.72732593169715,35.87817917976978
대구,동구,효목1동,과학·기술,74,74,128.64271564826413,35.8826149546225
대구,동구,효목1동,교육,14,14,128.64046829525228,35.88290094137837
대구,동구,효목1동,보건의료,3,3,128.64187558068235,35.8842533117921
대구,동구,효목1동,부동산,24,24,128.6412906044967,35.884274174546654
대구,동구,효목1동,소매,178,178,128.64229735034166,35.88311048474089
대구,동구,효목1동,수리·개인,99,99,128.6420968728789,35.88318995948523
대구,동구,효목1동,숙박,25,25,128.64806965787076,35.881155462336245
대구,동구,효목1동,시설관리·임대,39,39,128.642933095512,35.88204730616575
대구,동구,효목1동,예술·스포츠,25,25,128.644104135376,35.882934169446756
대구,동구,효목1동,음식,298,298,128.64561725165544,35.882604628246966
대구,동구,효목2동,과학·기술,59,59,128.63646016754396,35.87725083260044
대구,동구,효목2동,교육,25,25,128.63816434955297,35.87708925908577
대구,동구,효목2동,보건의료,8,8,128.6381997266654,35.87553221288815
대구,동구,효목2동,부동산,11,11,128.637491912569,35.87648814947319
대구,동구,효목2동,소매,157,157,128.63845273477966,35.875775967645744
대구,동구,효목2동,수리·개인,88,88,128.63841608331904,35.87673442822906
대구,동구,효목2동,숙박,7,7,128.63839636570742,35.877535999633615
대구,동구,효목2동,시설관리·임대,33,33,128.63558638530174,35.87757935511817
대구,동구,효목2동,예술·스포츠,37,37,128.63918233776653,35.876967907314345
대구,동구,효목2동,음식,222,222,128.63880412232027,35.87597345884252
대구,북구,검단동,과학·기술,18,18,128.62289654962035,35.91224430963916
대구,북구,검단동,교육,6,6,128.62394238639416,35.910627199356504
대구,북구,검단동,보건의료,1,1,128.622297835229,35.9081202907245
대구,북구,검단동,부동산,6,6,128.6189835169915,35.91000177879646
대구,북구,검단동,소매,49,49,128.62224654739052,35.911262717758056
대구,북구,검단동,수리·개인,34,34,128.62295613182366,35.91160370078531
대구,북구,검단동,시설관리·임대,14,14,128.62381333433672,35.91146422592568
대구,북구,검단동,예술·스포츠,2,2,128.623356747306,35.91033623689225
대구,북구,검단동,음식,60,60,128.62300906825993,35.911510887484404
대구,북구,고성동,과학·기술,24,24,128.58362192567094,35.88196440446547
대구,북구,고성동,교육,25,25,128.58487215911143,35.88043285661899
대구,북구,고성동,부동산,24,24,128.58413481015162,35.87991692202847
대구,북구,고성동,소매,76,76,128.5841730731917,35.880950265927844
대구,북구,고성동,수리·개인,60,60,128.5837371107693,35.881010085172974
대구,북구,고성동,숙박,3,3,128.586000948607,35.880258405921005
대구,북구,고성동,시설관리·임대,9,9,128.584389337522,35.882488453524815
대구,북구,고성동,예술·스포츠,30,30,128.58432540256314,35.88239669167071
대구,북구,고성동,음식,251,251,128.58435942859884,35.882131327179515
대구,북구,관문동,과학·기술,49,49,128.5238478470209,35.90114903085113
대구,북구,관문동,교육,69,69,128.5196036931035,35.901476545353965
대구,북구,관문동,보건의료,2,2,128.509874257398,35.8988136089514
대구,북구,관문동,부동산,30,30,128.52724686387793,35.90045219434738
대구,북구,관문동,소매,215,215,128.5269731544035,35.900685034463365
대구,북구,관문동,수리·개인,119,119,128.53037570700675,35.90173040876808
대구,북구,관문동,숙박,5,5,128.5183317777944,35.89493924914834
대구,북구,관문동,시설관리·임대,25,25,128.5302257074648,35.90059144064594
대구,북구,관문동,예술·스포츠,35,35,128.52790969748665,35.90185472416703
대구,북구,관문동,음식,260,260,128.5273179301072,35.90065748740379
대구,북구,관음동,과학·기술,31,31,128.5453972614108,35.93974893790243
대구,북구,관음동,교육,25,25,128.54629374606128,35.93781346523224
대구,북구,관음동,보건의료,5,5,128.5481753480532,35.93886195259786
대구,북구,관음동,부동산,13,13,128.54501397779254,35.939376536061374
대구,북구,관음동,소매,146,146,128.54618627522996,35.93992526072875
대구,북구,관음동,수리·개인,123,123,128.54563169833284,35.94008735399651
대구,북구,관음동,숙박,6,6,128.547605364129,35.93588682626005
대구,북구,관음동,시설관리·임대,23,23,128.54502381163746,35.94124183681351
대구,북구,관음동,예술·스포츠,31,31,128.54688007518374,35.93869003278357
대구,북구,관음동,음식,181,181,128.54639697520534,35.93928287362971
대구,북구,구암동,과학·기술,62,62,128.5609819305135,35.9329818621674
대구,북구,구암동,교육,54,54,128.5634507052848,35.93729690556422
대구,북구,구암동,보건의료,10,10,128.5622154507963,35.9401037516446
대구,북구,구암동,부동산,39,39,128.56132876190784,35.93450228074102
대구,북구,구암동,소매,217,217,128.56146506483768,35.933668386855764
대구,북구,구암동,수리·개인,174,174,128.56019750765682,35.93254360093547
대구,북구,구암동,시설관리·임대,36,36,128.5593702935766,35.93091278855284
대구,북구,구암동,예술·스포츠,53,53,128.56296850600887,35.93691278063606
대구,북구,구암동,음식,390,390,128.56213841897403,35.93391931147598
대구,북구,국우동,과학·기술,52,52,128.56972075963876,35.94892555956537
대구,북구,국우동,교육,84,84,128.57305769888012,35.95032741628591
대구,북구,국우동,보건의료,12,12,128.57437705291818,35.95259230385456
대구,북구,국우동,부동산,32,32,128.5701349893913,35.9494049392571
대구,북구,국우동,소매,207,207,128.57121005001906,35.95041485258916
대구,북구,국우동,수리·개인,161,161,128.56941287507792,35.949365366632584
대구,북구,국우동,시설관리·임대,27,27,128.5722378102028,35.95109905771927
대구,북구,국우동,예술·스포츠,34,34,128.57179590623883,35.951048906226426
대구,북구,국우동,음식,333,333,128.5700898509424,35.95036802604138
대구,북구,노원동,과학·기술,117,117,128.5757652190351,35.891049270830194
대구,북구,노원동,교육,14,14,128.571290495654,35.89041634000305
대구,북구,노원동,보건의료,7,7,128.56914211688158,35.88977390764397
대구,북구,노원동,부동산,40,40,128.5703447711606,35.89305332756264
대구,북구,노원동,소매,284,284,128.57017874209495,35.891122900754915
대구,북구,노원동,수리·개인,155,155,128.57009920461857,35.89192556338652
대구,북구,노원동,숙박,9,9,128.57075501439877,35.889925654791355
대구,북구,노원동,시설관리·임대,41,41,128.57225552221888,35.89142520695539
대구,북구,노원동,예술·스포츠,32,32,128.57443489780857,35.88965544746711
대구,북구,노원동,음식,405,405,128.57284774068847,35.890761810129575
대구,북구,대현동,과학·기술,46,46,128.6075922671737,35.88360807440363
대구,북구,대현동,교육,24,24,128.60669196643195,35.883502656965746
대구,북구,대현동,보건의료,6,6,128.60789248393465,35.880830874246
대구,북구,대현동,부동산,37,37,128.60923151720846,35.88299679562855
대구,북구,대현동,소매,171,171,128.6084833676502,35.88264295655872
대구,북구,대현동,수리·개인,104,104,128.60783121336857,35.88276346903908
대구,북구,대현동,숙박,17,17,128.60738030104582,35.884934246738744
대구,북구,대현동,시설관리·임대,43,43,128.6076786638763,35.884831984693854
대구,북구,대현동,예술·스포츠,36,36,128.6090718340323,35.88288543927007
대구,북구,대현동,음식,317,317,128.6087436968656,35.88324480673576
대구,북구,동천동,과학·기술,47,47,128.55844378151315,35.94191645696787
대구,북구,동천동,교육,143,143,128.5602381206492,35.94012545320786
대구,북구,동천동,보건의료,39,39,128.5606197596533,35.941790680270415
대구,북구,동천동,부동산,24,24,128.5588100852466,35.93860067151143
대구,북구,동천동,소매,296,296,128.5590174068076,35.941060525137594
대구,북구,동천동,수리·개인,167,167,128.5593457969408,35.939472295427734
대구,북구,동천동,숙박,12,12,128.56075679024624,35.94234062097319
대구,북구,동천동,시설관리·임대,25,25,128.55846977356094,35.94112176162744
대구,북구,동천동,예술·스포츠,128,128,128.56001360903258,35.94132704885727
대구,북구,동천동,음식,548,548,128.55961007239944,35.940741450406065
대구,북구,무태조야동,과학·기술,117,117,128.60237849004108,35.92670725624038
대구,북구,무태조야동,교육,98,98,128.60959304370715,35.934198638142774
대구,북구,무태조야동,보건의료,13,13,128.61425820426524,35.93938062942993
대구,북구,무태조야동,부동산,43,43,128.6049397324487,35.9299137800377
대구,북구,무태조야동,소매,264,264,128.6022380323824,35.926792587335164
대구,북구,무태조야동,수리·개인,169,169,128.60369308764967,35.927147842491706
대구,북구,무태조야동,숙박,3,3,128.59712562055032,35.9239903676419
대구,북구,무태조야동,시설관리·임대,34,34,128.60124446001754,35.92646158941236
대구,북구,무태조야동,예술·스포츠,85,85,128.60518173213018,35.92786030177286
대구,북구,무태조야동,음식,385,385,128.6042549129994,35.927968172896705
대구,북구,복현1동,과학·기술,19,19,128.61767495643917,35.89315124348096
대구,북구,복현1동,교육,10,10,128.6171077332287,35.89328101547617
대구,북구,복현1동,보건의료,8,8,128.6182212844025,35.89471008738391
대구,북구,복현1동,부동산,15,15,128.61642955017948,35.89367973537175
대구,북구,복현1동,소매,85,85,128.61769039201573,35.893375623522104
대구,북구,복현1동,수리·개인,50,50,128.61801735729324,35.89354126522295
대구,북구,복현1동,숙박,26,26,128.6166676442851,35.89437279347726
대구,북구,복현1동,시설관리·임대,12,12,128.6173369452019,35.89240982613697
대구,북구,복현1동,예술·스포츠,35,35,128.61760746895024,35.894182996833685
대구,북구,복현1동,음식,235,235,128.61709235122163,35.8942053761264
대구,북구,복현2동,과학·기술,48,48,128.62150673387202,35.89595378052464
대구,북구,복현2동,교육,76,76,128.62122407339737,35.89731247547886
대구,북구,복현2동,보건의료,4,4,128.622129185904,35.8928032748583
대구,북구,복현2동,부동산,31,31,128.6209432285411,35.896421172400935
대구,북구,복현2동,소매,127,127,128.62106100855524,35.897610776293014
대구,북구,복현2동,수리·개인,106,106,128.6214577850503,35.89655516115083
대구,북구,복현2동,숙박,3,3,128.62077367885266,35.894401525676166
대구,북구,복현2동,시설관리·임대,13,13,128.62284798192061,35.8965124326588
대구,북구,복현2동,예술·스포츠,49,49,128.62014446450638,35.897026189883114
대구,북구,복현2동,음식,192,192,128.62136324935602,35.8962680261023
대구,북구,산격1동,과학·기술,23,23,128.59563709302105,35.89490370885168
대구,북구,산격1동,교육,5,5,128.5974918887544,35.89331379332446
대구,북구,산격1동,보건의료,3,3,128.59576840461332,35.89411470146016
대구,북구,산격1동,부동산,3,3,128.595863288865,35.893689905570106
대구,북구,산격1동,소매,80,80,128.5960820292891,35.89624402153799
대구,북구,산격1동,수리·개인,40,40,128.5958903603625,35.896095968736944
대구,북구,산격1동,숙박,2,2,128.5947656531535,35.8959273076988
대구,북구,산격1동,시설관리·임대,14,14,128.596616855348,35.8947119083018
대구,북구,산격1동,예술·스포츠,10,10,128.5958827349028,35.89646035354326
대구,북구,산격1동,음식,67,67,128.59557649443337,35.89644551620688
대구,북구,산격2동,과학·기술,111,111,128.60791441811048,35.905061736736094
대구,북구,산격2동,교육,22,22,128.60903621604444,35.90184655276223
대구,북구,산격2동,보건의료,4,4,128.6104384928105,35.89998041026045
대구,북구,산격2동,부동산,15,15,128.61048039203885,35.90363910398487
대구,북구,산격2동,소매,648,648,128.60879094869804,35.90539033110196
대구,북구,산격2동,수리·개인,126,126,128.60876291879248,35.903592326671045
대구,북구,산격2동,숙박,6,6,128.61082050981466,35.90711985840955
대구,북구,산격2동,시설관리·임대,70,70,128.60811276735612,35.90431498911843
대구,북구,산격2동,예술·스포츠,29,29,128.60992669416547,35.90410605660273
대구,북구,산격2동,음식,232,232,128.6108880505987,35.903616997506774
대구,북구,산격3동,과학·기술,53,53,128.61003469219804,35.893104250644065
대구,북구,산격3동,교육,22,22,128.60991585385486,35.89473835025006
대구,북구,산격3동,보건의료,14,14,128.61074582327242,35.8988801976016
대구,북구,산격3동,부동산,18,18,128.6092738372109,35.894765486453096
대구,북구,산격3동,소매,197,197,128.60967913200074,35.895806999952875
대구,북구,산격3동,수리·개인,117,117,128.60938576438258,35.895504852124105
대구,북구,산격3동,숙박,4,4,128.6099431594725,35.89643440921445
대구,북구,산격3동,시설관리·임대,27,27,128.61001561932403,35.89324997344667
대구,북구,산격3동,예술·스포츠,51,51,128.60878789801401,35.89447105006916
대구,북구,산격3동,음식,444,444,128.60907321396692,35.89454049355785
대구,북구,산격4동,과학·기술,51,51,128.60382432136586,35.893032192097685
대구,북구,산격4동,교육,11,11,128.60417007246372,35.893238673607016
대구,북구,산격4동,보건의료,1,1,128.608777708624,35.9001379361195
대구,북구,산격4동,부동산,11,11,128.60528765337992,35.89698395514299
대구,북구,산격4동,소매,80,80,128.60457403993874,35.8946790937854
대구,북구,산격4동,수리·개인,54,54,128.60490135711402,35.89536654224206
대구,북구,산격4동,숙박,10,10,128.60366199823662,35.89316756817331
대구,북구,산격4동,시설관리·임대,33,33,128.60320979921667,35.892868119160106
대구,북구,산격4동,예술·스포츠,10,10,128.6052754812878,35.895358310912954
대구,북구,산격4동,음식,107,107,128.60472684717098,35.89443958634904
대구,북구,읍내동,과학·기술,58,58,128.55173364261532,35.94404065372641
대구,북구,읍내동,교육,33,33,128.55234428184048,35.94105371899247
대구,북구,읍내동,보건의료,13,13,128.550178948388,35.93878034717184
대구,북구,읍내동,부동산,38,38,128.55270390254609,35.94386963198554
대구,북구,읍내동,소매,279,279,128.55094110172416,35.93948282017505
대구,북구,읍내동,수리·개인,188,188,128.5522793431943,35.94183984301939
대구,북구,읍내동,시설관리·임대,31,31,128.551572485592,35.94229535289457
대구,북구,읍내동,예술·스포츠,29,29,128.55163338549156,35.941332939207385
대구,북구,읍내동,음식,322,322,128.5519357054374,35.94096541748193
대구,북구,칠성동,과학·기술,70,70,128.59444973825416,35.88065515343476
대구,북구,칠성동,교육,58,58,128.5935349890753,35.88116920222389
대구,북구,칠성동,보건의료,5,5,128.593620076803,35.88039762439448
대구,북구,칠성동,부동산,26,26,128.59495166922028,35.88077067311822
대구,북구,칠성동,소매,637,637,128.598014565105,35.87803115593582
대구,북구,칠성동,수리·개인,115,115,128.59386537250984,35.881149892709985
대구,북구,칠성동,숙박,9,9,128.59883363482177,35.87630342036536
대구,북구,칠성동,시설관리·임대,27,27,128.5948539382557,35.88026886955701
대구,북구,칠성동,예술·스포츠,43,43,128.594566638187,35.880128012864226
대구,북구,칠성동,음식,359,359,128.59491823704482,35.87995454901214
대구,북구,침산1동,과학·기술,15,15,128.5831200793214,35.896471888553755
대구,북구,침산1동,교육,5,5,128.58413269429238,35.89581930776028
대구,북구,침산1동,보건의료,2,2,128.589610228711,35.901190742173256
대구,북구,침산1동,부동산,10,10,128.58187356852642,35.89895265153023
대구,북구,침산1동,소매,65,65,128.5831244424531,35.89853103020357
대구,북구,침산1동,수리·개인,31,31,128.58247946208377,35.89670201687905
대구,북구,침산1동,시설관리·임대,10,10,128.5816211373151,35.89784213967903
대구,북구,침산1동,예술·스포츠,4,4,128.5844651033055,35.89838861812605
대구,북구,침산1동,음식,54,54,128.58175713889673,35.897408516894785
대구,북구,침산2동,과학·기술,40,40,128.5955193863668,35.886415203356975
대구,북구,침산2동,교육,89,89,128.59344523851124,35.88770313092187
대구,북구,침산2동,보건의료,22,22,128.59211443113747,35.88837489419487
대구,북구,침산2동,부동산,11,11,128.59224808314337,35.890399863166955
대구,북구,침산2동,소매,113,113,128.59429382566432,35.88759224715544
대구,북구,침산2동,수리·개인,80,80,128.59420692247093,35.88824932774551
대구,북구,침산2동,숙박,1,1,128.590939976286,35.8909857477715
대구,북구,침산2동,시설관리·임대,9,9,128.59730646594957,35.886697887138276
대구,북구,침산2동,예술·스포츠,47,47,128.59276428378294,35.8888530566841
대구,북구,침산2동,음식,181,181,128.5942912273394,35.88751449162966
대구,북구,침산3동,과학·기술,54,54,128.58744414817656,35.891116943667846
대구,북구,침산3동,교육,73,73,128.58823976038255,35.89004936066632
대구,북구,침산3동,보건의료,8,8,128.588764588748,35.8897056291842
대구,북구,침산3동,부동산,15,15,128.58814815055567,35.89107796769003
대구,북구,침산3동,소매,107,107,128.58846884983484,35.89125973565519
대구,북구,침산3동,수리·개인,80,80,128.58768620640853,35.89153299071819
대구,북구,침산3동,시설관리·임대,21,21,128.58759709943013,35.89225124160915
대구,북구,침산3동,예술·스포츠,16,16,128.5879908016283,35.89060743544016
대구,북구,침산3동,음식,167,167,128.5877984731384,35.890465094000625
대구,북구,태전1동,과학·기술,42,42,128.54447232845695,35.92459575370346
대구,북구,태전1동,교육,18,18,128.54432214595477,35.92625186041866
대구,북구,태전1동,보건의료,8,8,128.54665812983012,35.92949116083101
대구,북구,태전1동,부동산,33,33,128.54417119179828,35.92529362579855
대구,북구,태전1동,소매,177,177,128.54476021638934,35.92536130553126
대구,북구,태전1동,수리·개인,168,168,128.544305009359,35.925029438397786
대구,북구,태전1동,숙박,6,6,128.54512769120217,35.92804126172875
대구,북구,태전1동,시설관리·임대,26,26,128.54434453354995,35.92459569931368
대구,북구,태전1동,예술·스포츠,50,50,128.54489741573235,35.924824035206434
대구,북구,태전1동,음식,286,286,128.54509521601886,35.925646207202895
대구,북구,태전2동,과학·기술,62,62,128.5485637236928,35.91951791577143
대구,북구,태전2동,교육,49,49,128.54835570783274,35.918846513759846
대구,북구,태전2동,보건의료,9,9,128.54924968207277,35.925131520774904
대구,북구,태전2동,부동산,31,31,128.5487362250272,35.921347918004045
대구,북구,태전2동,소매,265,265,128.54840040701242,35.92153784970905
대구,북구,태전2동,수리·개인,166,166,128.54884299786593,35.92075831904456
대구,북구,태전2동,숙박,6,6,128.548315359651,35.917174481639755
대구,북구,태전2동,시설관리·임대,33,33,128.54849367929123,35.92142746353905
대구,북구,태전2동,예술·스포츠,46,46,128.54872196794906,35.920896756860635
대구,북구,태전2동,음식,294,294,128.54884621445922,35.92110849518189
대구,서구,내당1동,과학·기술,30,30,128.56046394668635,35.861218238042234
대구,서구,내당1동,교육,19,19,128.55983389726856,35.861242883002234
대구,서구,내당1동,보건의료,7,7,128.560931315581,35.86090536156933
대구,서구,내당1동,부동산,31,31,128.5606317333341,35.86203050111172
대구,서구,내당1동,소매,85,85,128.56159001007364,35.861809366327165
대구,서구,내당1동,수리·개인,80,80,128.56186383689936,35.86211645295104
대구,서구,내당1동,숙박,6,6,128.5589812765735,35.86236844856437
대구,서구,내당1동,시설관리·임대,15,15,128.56137833149828,35.861705604516956
대구,서구,내당1동,예술·스포츠,20,20,128.56033669343816,35.86113714384551
대구,서구,내당1동,음식,168,168,128.56055277552053,35.861263278196844
대구,서구,내당2.3동,과학·기술,27,27,128.57119751976163,35.86467121617325
대구,서구,내당2.3동,교육,6,6,128.569288873889,35.86419874402088
대구,서구,내당2.3동,보건의료,5,5,128.5766326227738,35.86856290451444
대구,서구,내당2.3동,부동산,17,17,128.57272829867824,35.86494824064988
대구,서구,내당2.3동,소매,152,152,128.57231538953818,35.86541516881644
대구,서구,내당2.3동,수리·개인,66,66,128.57195487002187,35.86489064588213
대구,서구,내당2.3동,숙박,4,4,128.571392562538,35.862762421772175
대구,서구,내당2.3동,시설관리·임대,16,16,128.57100044766239,35.864663906172964
대구,서구,내당2.3동,예술·스포츠,14,14,128.571429543414,35.86477408169778
대구,서구,내당2.3동,음식,136,136,128.57099043907186,35.86461285668428
대구,서구,내당4동,과학·기술,51,51,128.5497411625017,35.85901724564063
대구,서구,내당4동,교육,28,28,128.55143192311368,35.857843816226556
대구,서구,내당4동,보건의료,8,8,128.55349927448412,35.858193176764374
대구,서구,내당4동,부동산,25,25,128.5502979380405,35.85912821815993
대구,서구,내당4동,소매,230,230,128.5524204334255,35.85841740197688
대구,서구,내당4동,수리·개인,140,140,128.55019563521665,35.85908963236563
대구,서구,내당4동,숙박,6,6,128.55468642492434,35.86201259331272
대구,서구,내당4동,시설관리·임대,33,33,128.55016013910245,35.8589638722677
대구,서구,내당4동,예술·스포츠,31,31,128.5496217424077,35.8592817706456
대구,서구,내당4동,음식,260,260,128.5503314272859,35.85915516492598
대구,서구,비산1동,과학·기술,13,13,128.56766596879763,35.88221867185764
대구,서구,비산1동,교육,2,2,128.5668484501815,35.882313518669406
대구,서구,비산1동,보건의료,1,1,128.571315683512,35.8803132769588
대구,서구,비산1동,부동산,1,1,128.570726262391,35.8807445257459
대구,서구,비산1동,소매,82,82,128.56810462899878,35.88079787066287
대구,서구,비산1동,수리·개인,37,37,128.5671637326165,35.8811380972047
대구,서구,비산1동,숙박,2,2,128.569965994043,35.8828991884496
대구,서구,비산1동,시설관리·임대,11,11,128.5669375613111,35.88177952162525
대구,서구,비산1동,예술·스포츠,2,2,128.5711410727065,35.880162366740805
대구,서구,비산1동,음식,62,62,128.56889950584446,35.880406044310824
대구,서구,비산2.3동,과학·기술,24,24,128.5746078354059,35.87680786380767
대구,서구,비산2.3동,교육,6,6,128.5725393068725,35.876302181471
대구,서구,비산2.3동,보건의료,6,6,128.57248427338084,35.875386732667
대구,서구,비산2.3동,부동산,11,11,128.57347316103218,35.87615529001749
대구,서구,비산2.3동,소매,146,146,128.57410578879222,35.87529201917106
대구,서구,비산2.3동,수리·개인,76,76,128.5738505696158,35.87662058348517
대구,서구,비산2.3동,숙박,2,2,128.57552187175747,35.87381044287995
대구,서구,비산2.3동,시설관리·임대,12,12,128.57481925547768,35.87690609907266
대구,서구,비산2.3동,예술·스포츠,20,20,128.57295935442872,35.87633345889799
대구,서구,비산2.3동,음식,220,220,128.57306553812603,35.87573137149864
대구,서구,비산4동,과학·기술,30,30,128.5721309235849,35.87065341595534
대구,서구,비산4동,교육,8,8,128.57297048408262,35.87097373499968
대구,서구,비산4동,부동산,7,7,128.57060212607786,35.8681275292472
대구,서구,비산4동,소매,85,85,128.57234105476715,35.870210071707255
대구,서구,비산4동,수리·개인,48,48,128.57190126770408,35.87003346652411
대구,서구,비산4동,숙박,2,2,128.5710576214325,35.8694893888954
대구,서구,비산4동,시설관리·임대,14,14,128.57232571074735,35.86978944937572
대구,서구,비산4동,예술·스포츠,19,19,128.5709025957078,35.86892724892072
대구,서구,비산4동,음식,98,98,128.5713133162705,35.869324557077384
대구,서구,비산5동,과학·기술,9,9,128.56779585719065,35.88687353722251
대구,서구,비산5동,교육,8,8,128.56668561596737,35.887891564610726
대구,서구,비산5동,보건의료,4,4,128.566259888692,35.888836564835
대구,서구,비산5동,부동산,9,9,128.5703335376428,35.88659105155884
대구,서구,비산5동,소매,73,73,128.56746051713515,35.887373672510066
대구,서구,비산5동,수리·개인,44,44,128.56783172217789,35.8870030838424
대구,서구,비산5동,숙박,9,9,128.56788979471978,35.88795768273221
대구,서구,비산5동,시설관리·임대,7,7,128.56949659855928,35.88672873162166
대구,서구,비산5동,예술·스포츠,16,16,128.56762312907944,35.88675453936277
대구,서구,비산5동,음식,158,158,128.56755910209534,35.887178803292485
대구,서구,비산6동,과학·기술,11,11,128.56956191739627,35.87744598919399
대구,서구,비산6동,교육,1,1,128.571071973766,35.8775048930539
대구,서구,비산6동,부동산,14,14,128.56982676766535,35.875684120392215
대구,서구,비산6동,소매,70,70,128.56983861456578,35.87552266078531
대구,서구,비산6동,수리·개인,42,42,128.56939069307367,35.87526778295329
대구,서구,비산6동,숙박,4,4,128.57046948070075,35.87573075761858
대구,서구,비산6동,시설관리·임대,6,6,128.56921298059933,35.87737750140462
대구,서구,비산6동,예술·스포츠,10,10,128.5695532181977,35.874605030476154
대구,서구,비산6동,음식,67,67,128.5695433796636,35.87548142421677
대구,서구,비산7동,과학·기술,34,34,128.55583904876784,35.88711108523365
대구,서구,비산7동,교육,3,3,128.55753812665168,35.884692057929165
대구,서구,비산7동,보건의료,1,1,128.561628352405,35.8888473255417
대구,서구,비산7동,부동산,14,14,128.55974614226042,35.886773338457445
대구,서구,비산7동,소매,220,220,128.557778759789,35.886905353647194
대구,서구,비산7동,수리·개인,135,135,128.5566209592643,35.88791389551777
대구,서구,비산7동,숙박,27,27,128.55805539384684,35.88586586657297
대구,서구,비산7동,시설관리·임대,29,29,128.55706750427564,35.88716228074573
대구,서구,비산7동,예술·스포츠,31,31,128.5593879740597,35.88645057496655
대구,서구,비산7동,음식,321,321,128.5583968835032,35.88636111483325
대구,서구,상중이동,과학·기술,132,132,128.53886080752807,35.86534056907945
대구,서구,상중이동,교육,39,39,128.54428230957504,35.86487593382187
대구,서구,상중이동,보건의료,5,5,128.543360782331,35.86100716653328
대구,서구,상중이동,부동산,32,32,128.54020369288403,35.868118401530715
대구,서구,상중이동,소매,345,345,128.54121955679415,35.86718624606904
대구,서구,상중이동,수리·개인,225,225,128.54058081466266,35.87008116767243
대구,서구,상중이동,숙박,4,4,128.5422215338705,35.86963739069998
대구,서구,상중이동,시설관리·임대,106,106,128.5393479658334,35.86704117496593
대구,서구,상중이동,예술·스포츠,44,44,128.5441990069792,35.86788388182315
대구,서구,상중이동,음식,264,264,128.54334828252658,35.865421255866295
대구,서구,원대동,과학·기술,29,29,128.57803318397674,35.88397453686687
대구,서구,원대동,교육,11,11,128.57663317305773,35.88490901962836
대구,서구,원대동,보건의료,2,2,128.576182834787,35.88648991219555
대구,서구,원대동,부동산,12,12,128.57760844916734,35.88281102802774
대구,서구,원대동,소매,129,129,128.57589871510365,35.884205084765284
대구,서구,원대동,수리·개인,58,58,128.57702143803985,35.88401999828307
대구,서구,원대동,숙박,3,3,128.57434088295966,35.88695709156537
대구,서구,원대동,시설관리·임대,14,14,128.57684774782427,35.88464153506116
대구,서구,원대동,예술·스포츠,9,9,128.57388388962556,35.88562540467851
대구,서구,원대동,음식,157,157,128.57641337425062,35.8845183068977
대구,서구,평리1동,과학·기술,21,21,128.5648981210737,35.87645219267482
대구,서구,평리1동,교육,9,9,128.56412358881377,35.87726616642031
대구,서구,평리1동,부동산,8,8,128.565554424036,35.8759233363013
대구,서구,평리1동,소매,91,91,128.5652226262507,35.87621102440725
대구,서구,평리1동,수리·개인,63,63,128.56533425399704,35.8767962391521
대구,서구,평리1동,숙박,2,2,128.56674469491998,35.87620519837675
대구,서구,평리1동,시설관리·임대,13,13,128.56508783807232,35.87612732599517
대구,서구,평리1동,예술·스포츠,16,16,128.56573421451418,35.87570302366589
대구,서구,평리1동,음식,72,72,128.56584566592863,35.877015557433175
대구,서구,평리2동,과학·기술,11,11,128.56459287770355,35.869742938050436
대구,서구,평리2동,교육,10,10,128.56482589780381,35.870352931383174
대구,서구,평리2동,보건의료,7,7,128.56419691784455,35.870797413075
대구,서구,평리2동,부동산,3,3,128.56420217119933,35.8699378210429
대구,서구,평리2동,소매,53,53,128.5648291935423,35.86953047722328
대구,서구,평리2동,수리·개인,39,39,128.5656300408058,35.86912712242074
대구,서구,평리2동,시설관리·임대,13,13,128.56641300388992,35.86889740485196
대구,서구,평리2동,예술·스포츠,4,4,128.564348984747,35.870788996570475
대구,서구,평리2동,음식,66,66,128.56435521537207,35.86980420080934
대구,서구,평리3동,과학·기술,49,49,128.55805135649737,35.875692711183945
대구,서구,평리3동,교육,18,18,128.55808861624212,35.874291206773066
대구,서구,평리3동,보건의료,9,9,128.55681562839902,35.8743662996144
대구,서구,평리3동,부동산,28,28,128.5575505864171,35.8754719029296
대구,서구,평리3동,소매,153,153,128.55873530239396,35.87624133920433
대구,서구,평리3동,수리·개인,94,94,128.55900460390708,35.87588983835922
대구,서구,평리3동,숙박,4,4,128.55712747216776,35.87488617734245
대구,서구,평리3동,시설관리·임대,23,23,128.55958962382968,35.876687556094495
대구,서구,평리3동,예술·스포츠,30,30,128.55773745679667,35.87432540156901
대구,서구,평리3동,음식,239,239,128.55819844273478,35.87525065524656
대구,서구,평리4동,과학·기술,39,39,128.55840381994827,35.867719622875335
대구,서구,평리4동,교육,25,25,128.5584148264385,35.869097343428464
대구,서구,평리4동,보건의료,13,13,128.55715787114252,35.87005336973103
대구,서구,평리4동,부동산,18,18,128.55891957682505,35.867695525211595
대구,서구,평리4동,소매,200,200,128.55815035072496,35.86750960391444
대구,서구,평리4동,수리·개인,143,143,128.55819591077864,35.86716414594628
대구,서구,평리4동,숙박,36,36,128.55555296293232,35.86788238736974
대구,서구,평리4동,시설관리·임대,30,30,128.55718638404443,35.86681784960136
대구,서구,평리4동,예술·스포츠,47,47,128.55730847340692,35.867725494272904
대구,서구,평리4동,음식,399,399,128.5579376938753,35.86765779585917
대구,서구,평리5동,과학·기술,10,10,128.5503302330051,35.87053910349585
대구,서구,평리5동,교육,6,6,128.55064718107533,35.87155690335512
대구,서구,평리5동,보건의료,5,5,128.54990796506561,35.87079776247604
대구,서구,평리5동,부동산,14,14,128.55137362302693,35.871565547725126
대구,서구,평리5동,소매,39,39,128.550683754852,35.87138578438615
대구,서구,평리5동,수리·개인,29,29,128.55109676797454,35.87121906424283
대구,서구,평리5동,숙박,2,2,128.55456226608,35.8729436524541
대구,서구,평리5동,시설관리·임대,8,8,128.55335956826738,35.87322503830403
대구,서구,평리5동,예술·스포츠,8,8,128.55297850952024,35.87213731924404
대구,서구,평리5동,음식,65,65,128.55085947158827,35.87125504645499
대구,서구,평리6동,과학·기술,11,11,128.55043628364382,35.87939101541425
대구,서구,평리6동,교육,4,4,128.5501902726125,35.87670835041425
대구,서구,평리6동,보건의료,2,2,128.552411720583,35.877634891381746
대구,서구,평리6동,부동산,17,17,128.5505973400936,35.87719424610412
대구,서구,평리6동,소매,52,52,128.55102299781723,35.878290213322586
대구,서구,평리6동,수리·개인,30,30,128.55070682235097,35.87808434898916
대구,서구,평리6동,시설관리·임대,15,15,128.55138473696772,35.878211977322685
대구,서구,평리6동,예술·스포츠,1,1,128.553759033394,35.875468249464
대구,서구,평리6동,음식,42,42,128.550157125741,35.877781365954924
대구,수성구,고산1동,과학·기술,41,41,128.70821114247929,35.83406364667815
대구,수성구,고산1동,교육,176,176,128.70907861410285,35.83525849579965
대구,수성구,고산1동,보건의료,30,30,128.7097721467923,35.83776644000327
대구,수성구,고산1동,부동산,32,32,128.70774449244328,35.83536991752434
대구,수성구,고산1동,소매,243,243,128.70885567949907,35.836140584193785
대구,수성구,고산1동,수리·개인,147,147,128.70856817316684,35.83537381632303
대구,수성구,고산1동,숙박,1,1,128.690999729599,35.8056778346822
대구,수성구,고산1동,시설관리·임대,10,10,128.7091890270192,35.83486232383685
대구,수성구,고산1동,예술·스포츠,69,69,128.70789616984135,35.8368992881378
대구,수성구,고산1동,음식,383,383,128.70820474838416,35.83536175117347
대구,수성구,고산2동,과학·기술,180,180,128.68789488719784,35.839852188623155
대구,수성구,고산2동,교육,97,97,128.6918550841512,35.83934883926481
대구,수성구,고산2동,보건의료,9,9,128.69564575491577,35.840863737686625
대구,수성구,고산2동,부동산,71,71,128.69119272033697,35.840174564269795
대구,수성구,고산2동,소매,345,345,128.69084537408742,35.84057751527778
대구,수성구,고산2동,수리·개인,133,133,128.69372435907553,35.84051176264299
대구,수성구,고산2동,숙박,5,5,128.6888119783634,35.83869912674068
대구,수성구,고산2동,시설관리·임대,52,52,128.68701507328072,35.8423888209534
대구,수성구,고산2동,예술·스포츠,53,53,128.69024785045622,35.83927062636724
대구,수성구,고산2동,음식,325,325,128.6906621129563,35.840753530015256
대구,수성구,고산3동,과학·기술,41,41,128.7098299097167,35.8414979183117
대구,수성구,고산3동,교육,92,92,128.70778153765286,35.84148302001239
대구,수성구,고산3동,보건의료,7,7,128.70857206725813,35.840071407299675
대구,수성구,고산3동,부동산,45,45,128.71064377689316,35.841579588589774
대구,수성구,고산3동,소매,175,175,128.7092384464217,35.84144600696946
대구,수성구,고산3동,수리·개인,128,128,128.70972266408685,35.84150206275991
대구,수성구,고산3동,시설관리·임대,28,28,128.71046186352604,35.84114663089776
대구,수성구,고산3동,예술·스포츠,48,48,128.71085681478826,35.84100208858043
대구,수성구,고산3동,음식,277,277,128.70924558339738,35.84144125289658
대구,수성구,두산동,과학·기술,133,133,128.62095783785566,35.83300671816099
대구,수성구,두산동,교육,63,63,128.6217168461832,35.834823896676646
대구,수성구,두산동,보건의료,4,4,128.6226736592775,35.83357299389142
대구,수성구,두산동,부동산,52,52,128.62071568238773,35.83340339956134
대구,수성구,두산동,소매,261,261,128.62120502515737,35.83363181450972
대구,수성구,두산동,수리·개인,206,206,128.62067010081347,35.83471949691644
대구,수성구,두산동,숙박,24,24,128.6222982658155,35.83142130351553
대구,수성구,두산동,시설관리·임대,43,43,128.62049414276834,35.83440922224366
대구,수성구,두산동,예술·스포츠,79,79,128.62178147469822,35.83196854654052
대구,수성구,두산동,음식,693,693,128.62126615977945,35.83171718645983
대구,수성구,만촌1동,과학·기술,115,115,128.63968971130362,35.870358511967744
대구,수성구,만촌1동,교육,93,93,128.63979433938712,35.870655353714184
대구,수성구,만촌1동,보건의료,11,11,128.63636445598746,35.87061087357458
대구,수성구,만촌1동,부동산,17,17,128.64210354867848,35.87114502710746
대구,수성구,만촌1동,소매,196,196,128.64026578148724,35.87129471690663
대구,수성구,만촌1동,수리·개인,132,132,128.64181567482757,35.870967871645824
대구,수성구,만촌1동,숙박,4,4,128.64764766515475,35.87449374756032
대구,수성구,만촌1동,시설관리·임대,46,46,128.64071972699168,35.87089325233662
대구,수성구,만촌1동,예술·스포츠,38,38,128.63709194041732,35.87082466282419
대구,수성구,만촌1동,음식,199,199,128.63902736217355,35.870598509209316
대구,수성구,만촌2동,과학·기술,76,76,128.6452576038791,35.864335800520664
대구,수성구,만촌2동,교육,78,78,128.6443055109185,35.86136229607509
대구,수성구,만촌2동,보건의료,11,11,128.6443840985199,35.859647608231626
대구,수성구,만촌2동,부동산,24,24,128.64424407263567,35.86304621538126
대구,수성구,만촌2동,소매,134,134,128.6450171306155,35.8632207533682
대구,수성구,만촌2동,수리·개인,105,105,128.64490403693048,35.86328272049807
대구,수성구,만촌2동,시설관리·임대,22,22,128.6440726337453,35.86364308445997
대구,수성구,만촌2동,예술·스포츠,23,23,128.64419289901434,35.86195779437365
대구,수성구,만촌2동,음식,139,139,128.64495181670986,35.862106400649914
대구,수성구,만촌3동,과학·기술,53,53,128.651042808296,35.85403625331365
대구,수성구,만촌3동,교육,107,107,128.65011348606745,35.854107439215795
대구,수성구,만촌3동,보건의료,13,13,128.6489674193517,35.85646020331776
대구,수성구,만촌3동,부동산,54,54,128.65044688161439,35.853585595401015
대구,수성구,만촌3동,소매,163,163,128.65027944538753,35.854515023353834
대구,수성구,만촌3동,수리·개인,104,104,128.6501447284272,35.85453083939351
대구,수성구,만촌3동,숙박,1,1,128.649612514568,35.8552480212881
대구,수성구,만촌3동,시설관리·임대,17,17,128.65008405395753,35.8545322889854
대구,수성구,만촌3동,예술·스포츠,31,31,128.6502493870687,35.85558864237759
대구,수성구,만촌3동,음식,192,192,128.64991899386874,35.855115133396914
대구,수성구,범물1동,과학·기술,18,18,128.6443503852699,35.81897614032011
대구,수성구,범물1동,교육,21,21,128.64473348661,35.81886318358035
대구,수성구,범물1동,보건의료,5,5,128.6410057225296,35.82057646074032
대구,수성구,범물1동,부동산,11,11,128.6435635850171,35.82042975076283
대구,수성구,범물1동,소매,140,140,128.64240731442024,35.81996633413073
대구,수성구,범물1동,수리·개인,44,44,128.6436632703451,35.82003289944084
대구,수성구,범물1동,숙박,1,1,128.67358365904,35.7981087130319
대구,수성구,범물1동,시설관리·임대,12,12,128.64412048613517,35.81991297754191
대구,수성구,범물1동,예술·스포츠,8,8,128.642331950129,35.820373335259404
대구,수성구,범물1동,음식,110,110,128.64664288794648,35.81742272242045
대구,수성구,범물2동,과학·기술,43,43,128.64173430783495,35.81691051819962
대구,수성구,범물2동,교육,42,42,128.64151535469736,35.81788476362944
대구,수성구,범물2동,보건의료,11,11,128.64069867277854,35.82007567875154
대구,수성구,범물2동,부동산,15,15,128.64276804224886,35.81757857139658
대구,수성구,범물2동,소매,98,98,128.6415440218717,35.81793983732349
대구,수성구,범물2동,수리·개인,59,59,128.64187781077428,35.818013738430714
대구,수성구,범물2동,시설관리·임대,15,15,128.63953296361353,35.81786548924712
대구,수성구,범물2동,예술·스포츠,24,24,128.64359832694896,35.81746299535991
대구,수성구,범물2동,음식,107,107,128.6425419651015,35.81707249119846
대구,수성구,범어1동,과학·기술,87,87,128.6242460058112,35.85408256164568
대구,수성구,범어1동,교육,111,111,128.62431022227537,35.855412488599846
대구,수성구,범어1동,보건의료,37,37,128.62565783905833,35.85769027951866
대구,수성구,범어1동,부동산,87,87,128.62423690603853,35.85479115612404
대구,수성구,범어1동,소매,152,152,128.62487868218105,35.854971390715086
대구,수성구,범어1동,수리·개인,98,98,128.62480446612489,35.854289023320185
대구,수성구,범어1동,숙박,3,3,128.623491105826,35.85426719880927
대구,수성구,범어1동,시설관리·임대,21,21,128.62387434736576,35.853883969096366
대구,수성구,범어1동,예술·스포츠,47,47,128.62422843394336,35.85528197038388
대구,수성구,범어1동,음식,345,345,128.62420942766207,35.85515584959373
대구,수성구,범어2동,과학·기술,369,369,128.6299315871301,35.86339493008963
대구,수성구,범어2동,교육,133,133,128.63565105545123,35.86066989549105
대구,수성구,범어2동,보건의료,24,24,128.63118678676534,35.86038525562333
대구,수성구,범어2동,부동산,60,60,128.63079689339716,35.86304153786479
대구,수성구,범어2동,소매,148,148,128.63366093941156,35.86224403428974
대구,수성구,범어2동,수리·개인,101,101,128.63474118433837,35.862773777159695
대구,수성구,범어2동,숙박,1,1,128.63031348182,35.8647211429937
대구,수성구,범어2동,시설관리·임대,35,35,128.6322691061178,35.86414533784986
대구,수성구,범어2동,예술·스포츠,26,26,128.63516252876036,35.86066797238582
대구,수성구,범어2동,음식,197,197,128.63331256602098,35.86194119264735
대구,수성구,범어3동,과학·기술,330,330,128.62537739363495,35.8635165192496
대구,수성구,범어3동,교육,107,107,128.6234532657389,35.863979272409445
대구,수성구,범어3동,보건의료,26,26,128.62471024080713,35.86095750413947
대구,수성구,범어3동,부동산,51,51,128.6235893778055,35.86372800043762
대구,수성구,범어3동,소매,119,119,128.62312004702102,35.86411436395332
대구,수성구,범어3동,수리·개인,101,101,128.62300791504958,35.863726378637686
대구,수성구,범어3동,숙박,5,5,128.62302209050057,35.86210563129308
대구,수성구,범어3동,시설관리·임대,33,33,128.6246351036797,35.8643363011679
대구,수성구,범어3동,예술·스포츠,43,43,128.62185253893904,35.864173419669186
대구,수성구,범어3동,음식,340,340,128.62263419058698,35.863586027540855
대구,수성구,범어4동,과학·기술,43,43,128.63819923737532,35.85691033140656
대구,수성구,범어4동,교육,331,331,128.6373128938657,35.85669112423068
대구,수성구,범어4동,보건의료,17,17,128.63503745787054,35.85724478186119
대구,수성구,범어4동,부동산,62,62,128.6381795692639,35.85594339213894
대구,수성구,범어4동,소매,172,172,128.63741080921992,35.856640792864305
대구,수성구,범어4동,수리·개인,109,109,128.63826297943254,35.85679470886938
대구,수성구,범어4동,숙박,2,2,128.64096519933702,35.85782656854645
대구,수성구,범어4동,시설관리·임대,14,14,128.6372912816363,35.85592571485471
대구,수성구,범어4동,예술·스포츠,61,61,128.63723426942005,35.85681661917309
대구,수성구,범어4동,음식,340,340,128.6364165944034,35.85725911983211
대구,수성구,상동,과학·기술,131,131,128.61198935431423,35.83417980389435
대구,수성구,상동,교육,70,70,128.61139667764905,35.834026366515495
대구,수성구,상동,보건의료,4,4,128.61086502538174,35.833806223176076
대구,수성구,상동,부동산,50,50,128.61198871329307,35.83413728077526
대구,수성구,상동,소매,216,216,128.6117695424061,35.83375974197307
대구,수성구,상동,수리·개인,190,190,128.61189761736856,35.83372522325814
대구,수성구,상동,숙박,8,8,128.61099045438488,35.82981245044736
대구,수성구,상동,시설관리·임대,37,37,128.61222452419818,35.834469853950466
대구,수성구,상동,예술·스포츠,39,39,128.61210049233756,35.833904771973664
대구,수성구,상동,음식,241,241,128.61282501637527,35.83410487698789
대구,수성구,수성1가동,과학·기술,55,55,128.61218112239908,35.855903668196966
대구,수성구,수성1가동,교육,82,82,128.61194379362703,35.85587039492445
대구,수성구,수성1가동,보건의료,16,16,128.61188703504,35.85730562125766
대구,수성구,수성1가동,부동산,49,49,128.6115837853085,35.85575154053353
대구,수성구,수성1가동,소매,164,164,128.61179977159742,35.85582759801479
대구,수성구,수성1가동,수리·개인,118,118,128.6115161483456,35.85539711957988
대구,수성구,수성1가동,시설관리·임대,34,34,128.61188231071486,35.855079319931626
대구,수성구,수성1가동,예술·스포츠,25,25,128.61243801847738,35.8562671373482
대구,수성구,수성1가동,음식,165,165,128.61175375903917,35.85517527822679
대구,수성구,수성2.3가동,과학·기술,64,64,128.61684550082379,35.85393163460954
대구,수성구,수성2.3가동,교육,83,83,128.61773656156674,35.85533668891231
대구,수성구,수성2.3가동,보건의료,25,25,128.61725081392137,35.85551286931513
대구,수성구,수성2.3가동,부동산,26,26,128.6175844125692,35.85401714115666
대구,수성구,수성2.3가동,소매,158,158,128.6171429537892,35.854573690690515
대구,수성구,수성2.3가동,수리·개인,95,95,128.61749497605166,35.8541937081765
대구,수성구,수성2.3가동,시설관리·임대,19,19,128.6163889280067,35.85358861881714
대구,수성구,수성2.3가동,예술·스포츠,30,30,128.6171911504525,35.854898251534074
대구,수성구,수성2.3가동,음식,222,222,128.61666179616225,35.85502195277773
대구,수성구,수성4가동,과학·기술,53,53,128.61582611339398,35.86163193926705
대구,수성구,수성4가동,교육,68,68,128.61620641145467,35.862045466216635
대구,수성구,수성4가동,보건의료,27,27,128.6166760130735,35.86054058824384
대구,수성구,수성4가동,부동산,26,26,128.61592783564538,35.86183948099664
대구,수성구,수성4가동,소매,122,122,128.61590242834473,35.861898500958134
대구,수성구,수성4가동,수리·개인,86,86,128.61539114484512,35.862057727419575
대구,수성구,수성4가동,숙박,2,2,128.612622484894,35.8625313902731
대구,수성구,수성4가동,시설관리·임대,14,14,128.61718673510327,35.86183787925397
대구,수성구,수성4가동,예술·스포츠,46,46,128.61600646350206,35.861727946555796
대구,수성구,수성4가동,음식,234,234,128.61686458466528,35.86228852247804
대구,수성구,중동,과학·기술,107,107,128.61368725526117,35.84506163884398
대구,수성구,중동,교육,52,52,128.61226509898822,35.84413743022696
대구,수성구,중동,보건의료,14,14,128.61290384553885,35.84363385908592
대구,수성구,중동,부동산,32,32,128.61164491034822,35.84346390722692
대구,수성구,중동,소매,167,167,128.61250685705502,35.84427094037266
대구,수성구,중동,수리·개인,149,149,128.6130186642223,35.844362304402495
대구,수성구,중동,숙박,6,6,128.6143212351665,35.84558210434859
대구,수성구,중동,시설관리·임대,52,52,128.6129247515923,35.844821574287636
대구,수성구,중동,예술·스포츠,30,30,128.61341538336447,35.84384484190978
대구,수성구,중동,음식,199,199,128.61264004059402,35.84412194198624
대구,수성구,지산1동,과학·기술,105,105,128.63008711344156,35.8297655925978
대구,수성구,지산1동,교육,95,95,128.63168108111807,35.82969834210529
대구,수성구,지산1동,보건의료,22,22,128.62907718330473,35.83434845456103
대구,수성구,지산1동,부동산,27,27,128.6300023570254,35.830854379735776
대구,수성구,지산1동,소매,292,292,128.63140402081822,35.83032674963439
대구,수성구,지산1동,수리·개인,220,220,128.63089967266882,35.83063171760391
대구,수성구,지산1동,숙박,6,6,128.62638549778134,35.831950283641596
대구,수성구,지산1동,시설관리·임대,51,51,128.62947124778043,35.82990125194236
대구,수성구,지산1동,예술·스포츠,80,80,128.63488429030394,35.82629091346882
대구,수성구,지산1동,음식,403,403,128.6327949831977,35.828827473411394
대구,수성구,지산2동,과학·기술,98,98,128.6309992310413,35.8220041880744
대구,수성구,지산2동,교육,60,60,128.6323978305183,35.82200676676559
대구,수성구,지산2동,보건의료,12,12,128.63316643834625,35.82169938131428
대구,수성구,지산2동,부동산,38,38,128.6307326283001,35.82237312452806
대구,수성구,지산2동,소매,187,187,128.63121407553558,35.82198019514035
대구,수성구,지산2동,수리·개인,136,136,128.63022557171618,35.822596764801254
대구,수성구,지산2동,숙박,3,3,128.62938867692,35.82295970164077
대구,수성구,지산2동,시설관리·임대,28,28,128.63056526574664,35.82247826222642
대구,수성구,지산2동,예술·스포츠,32,32,128.63102745313955,35.82254865693543
대구,수성구,지산2동,음식,193,193,128.63011213337273,35.82242134954021
대구,수성구,파동,과학·기술,32,32,128.615157694996,35.81694130507452
대구,수성구,파동,교육,27,27,128.6149824302038,35.816948280284755
대구,수성구,파동,보건의료,7,7,128.61310475080515,35.820221947684296
대구,수성구,파동,부동산,13,13,128.61501163119638,35.81658766854112
대구,수성구,파동,소매,67,67,128.61568609846037,35.81575365406826
대구,수성구,파동,수리·개인,48,48,128.61490302752426,35.81661010673825
대구,수성구,파동,시설관리·임대,16,16,128.61511025357925,35.816881983797686
대구,수성구,파동,예술·스포츠,13,13,128.61553280208992,35.81530379360066
대구,수성구,파동,음식,103,103,128.61574515245036,35.815531923484734
대구,수성구,황금1동,과학·기술,29,29,128.63663277290925,35.84111477718096
대구,수성구,황금1동,교육,85,85,128.6350006912366,35.84221053768001
대구,수성구,황금1동,보건의료,3,3,128.633433881089,35.8414473607744
대구,수성구,황금1동,부동산,30,30,128.63613083879466,35.84079272952216
대구,수성구,황금1동,소매,77,77,128.6345087717384,35.8419186114161
대구,수성구,황금1동,수리·개인,55,55,128.6353155580318,35.84223143229543
대구,수성구,황금1동,시설관리·임대,10,10,128.6382544559186,35.84170159176793
대구,수성구,황금1동,예술·스포츠,20,20,128.636487762833,35.84275884364797
대구,수성구,황금1동,음식,90,90,128.6345539005354,35.841782425501556
대구,수성구,황금2동,과학·기술,119,119,128.6217984862125,35.846337475151756
대구,수성구,황금2동,교육,64,64,128.62164716921424,35.84488940737138
대구,수성구,황금2동,보건의료,19,19,128.6230613425118,35.84547563661001
대구,수성구,황금2동,부동산,53,53,128.62122584452436,35.84640032084848
대구,수성구,황금2동,소매,173,173,128.6208996529596,35.844806513212006
대구,수성구,황금2동,수리·개인,176,176,128.62080873127232,35.84508081627504
대구,수성구,황금2동,숙박,12,12,128.62304659779826,35.84182918504869
대구,수성구,황금2동,시설관리·임대,40,40,128.62123128607806,35.844495379467475
대구,수성구,황금2동,예술·스포츠,43,43,128.6213359942178,35.845244275411495
대구,수성구,황금2동,음식,331,331,128.62183611499296,35.84483880121121
대구,중구,남산1동,과학·기술,118,118,128.59229041091896,35.85984243552379
대구,중구,남산1동,교육,60,60,128.59131383073282,35.85839560586753
대구,중구,남산1동,보건의료,9,9,128.5928565697722,35.861835409352146
대구,중구,남산1동,부동산,21,21,128.59280615911686,35.860669732240595
대구,중구,남산1동,소매,142,142,128.5922820491092,35.86024240949118
대구,중구,남산1동,수리·개인,99,99,128.5925940080651,35.86020297775712
대구,중구,남산1동,숙박,29,29,128.5938721447258,35.86162648276262
대구,중구,남산1동,시설관리·임대,45,45,128.59190585795398,35.85856984031976
대구,중구,남산1동,예술·스포츠,14,14,128.59208569949365,35.85895166492445
대구,중구,남산1동,음식,143,143,128.59219974410968,35.86068925684858
대구,중구,남산2동,과학·기술,195,195,128.58890632984304,35.86385554785897
대구,중구,남산2동,교육,41,41,128.58760505891843,35.864590536361156
대구,중구,남산2동,보건의료,25,25,128.5919136327232,35.8651367205641
대구,중구,남산2동,부동산,35,35,128.58752316391502,35.86405996627622
대구,중구,남산2동,소매,92,92,128.5889839704919,35.864232485360944
대구,중구,남산2동,수리·개인,51,51,128.59052956749233,35.863775239998404
대구,중구,남산2동,숙박,9,9,128.590662601689,35.863827980549445
대구,중구,남산2동,시설관리·임대,26,26,128.58934285161888,35.86424397954608
대구,중구,남산2동,예술·스포츠,6,6,128.58773502355186,35.86450599216167
대구,중구,남산2동,음식,113,113,128.58962226462415,35.86439714055075
대구,중구,남산3동,과학·기술,70,70,128.58730808730553,35.860013613339284
대구,중구,남산3동,교육,21,21,128.58433245527445,35.86002097507104
대구,중구,남산3동,부동산,14,14,128.58459748891008,35.85846493754243
대구,중구,남산3동,소매,57,57,128.58599874388443,35.859244835439355
대구,중구,남산3동,수리·개인,61,61,128.58638989802333,35.858920163678256
대구,중구,남산3동,숙박,3,3,128.5845928427623,35.85755613027624
대구,중구,남산3동,시설관리·임대,9,9,128.58567660605567,35.85935411465952
대구,중구,남산3동,예술·스포츠,6,6,128.58559323418118,35.858411016053665
대구,중구,남산3동,음식,72,72,128.58602233531877,35.85950562126673
대구,중구,남산4동,과학·기술,31,31,128.58083447743613,35.86149191059032
대구,중구,남산4동,교육,37,37,128.58006287824344,35.86156280900929
대구,중구,남산4동,보건의료,7,7,128.5819303870817,35.864191480898185
대구,중구,남산4동,부동산,34,34,128.5780542515772,35.861631083931925
대구,중구,남산4동,소매,81,81,128.57944304709508,35.86114842273042
대구,중구,남산4동,수리·개인,68,68,128.57927169958327,35.8605257659699
대구,중구,남산4동,숙박,2,2,128.57850369542803,35.85974949753085
대구,중구,남산4동,시설관리·임대,13,13,128.57955598424786,35.86106829180556
대구,중구,남산4동,예술·스포츠,17,17,128.58012043550994,35.86003911802395
대구,중구,남산4동,음식,113,113,128.5798726656326,35.86070794695899
대구,중구,대봉1동,과학·기술,152,152,128.6044793755617,35.85867078246408
대구,중구,대봉1동,교육,37,37,128.6038282189007,35.85889999960353
대구,중구,대봉1동,보건의료,15,15,128.6030561986244,35.86234854369931
대구,중구,대봉1동,부동산,23,23,128.6035155624631,35.860293288847366
대구,중구,대봉1동,소매,325,325,128.60528088096333,35.85796214977342
대구,중구,대봉1동,수리·개인,147,147,128.60477866682754,35.858529523676076
대구,중구,대봉1동,숙박,9,9,128.6049051604178,35.859172857160814
대구,중구,대봉1동,시설관리·임대,94,94,128.604431783319,35.85863913278868
대구,중구,대봉1동,예술·스포츠,22,22,128.60381007698373,35.858691297974126
대구,중구,대봉1동,음식,293,293,128.60488877567275,35.85963764313997
대구,중구,대봉2동,과학·기술,64,64,128.59864799420518,35.85827498528906
대구,중구,대봉2동,교육,18,18,128.59938343186639,35.858332837695464
대구,중구,대봉2동,보건의료,1,1,128.601846095192,35.8567866160246
대구,중구,대봉2동,부동산,17,17,128.5999546227528,35.85818579714799
대구,중구,대봉2동,소매,54,54,128.59923355026686,35.85803595870368
대구,중구,대봉2동,수리·개인,41,41,128.59964214794974,35.858102418736635
대구,중구,대봉2동,숙박,4,4,128.5992157673005,35.85920067813605
대구,중구,대봉2동,시설관리·임대,8,8,128.59876395011375,35.85799465586264
대구,중구,대봉2동,예술·스포츠,10,10,128.5997635428894,35.85720905857738
대구,중구,대봉2동,음식,83,83,128.60052733076427,35.85798664198948
대구,중구,대신동,과학·기술,16,16,128.57955700263113,35.869033771850184
대구,중구,대신동,교육,18,18,128.57781138455283,35.864752940351664
대구,중구,대신동,보건의료,10,10,128.5808903231713,35.868328551624515
대구,중구,대신동,부동산,18,18,128.578968370967,35.86791777288903
대구,중구,대신동,소매,2285,2285,128.58053056964766,35.869051892038236
대구,중구,대신동,수리·개인,83,83,128.57954598822252,35.8687572801155
대구,중구,대신동,숙박,7,7,128.58032685709114,35.87144492223862
대구,중구,대신동,시설관리·임대,7,7,128.57927867439057,35.8687565333121
대구,중구,대신동,예술·스포츠,8,8,128.57787335814487,35.86585515595305
대구,중구,대신동,음식,236,236,128.57962621692843,35.868636371340415
대구,중구,동인동,과학·기술,200,200,128.60773586786274,35.87020750299072
대구,중구,동인동,교육,29,29,128.60714177065964,35.86980477315671
대구,중구,동인동,보건의료,5,5,128.6046115081162,35.86887905034488
대구,중구,동인동,부동산,21,21,128.60632862786514,35.86986837180484
대구,중구,동인동,소매,197,197,128.60782176901705,35.86998998878271
대구,중구,동인동,수리·개인,117,117,128.6081104564395,35.869577657084385
대구,중구,동인동,숙박,18,18,128.606677865528,35.86960888148243
대구,중구,동인동,시설관리·임대,104,104,128.60455451791262,35.87048288894169
대구,중구,동인동,예술·스포츠,16,16,128.60640724825538,35.86925438689621
대구,중구,동인동,음식,348,348,128.60689534945692,35.86900095918871
대구,중구,삼덕동,과학·기술,162,162,128.60418446228923,35.865411259206844
대구,중구,삼덕동,교육,50,50,128.60333947755396,35.86555381796014
대구,중구,삼덕동,보건의료,66,66,128.60044725587278,35.865086325478956
대구,중구,삼덕동,부동산,46,46,128.602212502392,35.865404402558696
대구,중구,삼덕동,소매,293,293,128.60032908033563,35.86599756622611
대구,중구,삼덕동,수리·개인,171,171,128.60316535879235,35.865450253988364
대구,중구,삼덕동,숙박,21,21,128.60405883674716,35.865283123141964
대구,중구,삼덕동,시설관리·임대,39,39,128.60256972087524,35.86536619041188
대구,중구,삼덕동,예술·스포츠,73,73,128.59844585874345,35.866873211227826
대구,중구,삼덕동,음식,605,605,128.60201963151988,35.86576847862798
대구,중구,성내1동,과학·기술,242,242,128.59709195304077,35.8682800184953
대구,중구,성내1동,교육,156,156,128.59629577812274,35.8684610344345
대구,중구,성내1동,보건의료,115,115,128.59599607559304,35.8678045151418
대구,중구,성내1동,부동산,53,53,128.59702209984076,35.8691562014188
대구,중구,성내1동,소매,1224,1224,128.59653632765722,35.87019771835567
대구,중구,성내1동,수리·개인,329,329,128.59702867298137,35.868718262006574
대구,중구,성내1동,숙박,48,48,128.59768144597015,35.86724389308397
대구,중구,성내1동,시설관리·임대,120,120,128.59766487976316,35.86908807270841
대구,중구,성내1동,예술·스포츠,90,90,128.59650487172652,35.86907421553367
대구,중구,성내1동,음식,1029,1029,128.59714791929156,35.86930218505037
대구,중구,성내2동,과학·기술,232,232,128.58962037551032,35.86983361216724
대구,중구,성내2동,교육,81,81,128.59059613849246,35.86946609761981
대구,중구,성내2동,보건의료,38,38,128.58854103245469,35.86846136536093
대구,중구,성내2동,부동산,40,40,128.5894743948988,35.869864756225574
대구,중구,성내2동,소매,1082,1082,128.59069870606785,35.867716839660936
대구,중구,성내2동,수리·개인,160,160,128.5911648741489,35.868721992556445
대구,중구,성내2동,숙박,67,67,128.59136691730401,35.871119443615484
대구,중구,성내2동,시설관리·임대,108,108,128.59001155446418,35.87017687025275
대구,중구,성내2동,예술·스포츠,35,35,128.59102031954026,35.86953773273228
대구,중구,성내2동,음식,785,785,128.5911530239414,35.86938824280764
대구,중구,성내3동,과학·기술,37,37,128.58518711800176,35.872434461893484
대구,중구,성내3동,교육,28,28,128.58371833592406,35.876273156226915
대구,중구,성내3동,보건의료,7,7,128.5832256515384,35.874529804493626
대구,중구,성내3동,부동산,35,35,128.5838244486143,35.87501651242876
대구,중구,성내3동,소매,126,126,128.58348560221594,35.87417452460437
대구,중구,성내3동,수리·개인,64,64,128.58420276707244,35.874030810213874
대구,중구,성내3동,숙박,10,10,128.5834132762906,35.87282716537661
대구,중구,성내3동,시설관리·임대,22,22,128.58438148377724,35.873609912153405
대구,중구,성내3동,예술·스포츠,7,7,128.58501477931958,35.874296401391675
대구,중구,성내3동,음식,108,108,128.5833987473143,35.874987313702725
